000001,-6.2538,5.2861
000002,-9.7826,1.1635
000004,-33.4704,-6.4492
000005,0.0000,-4.6914
000006,-28.0702,-2.6783
000007,-13.7615,-8.9143
000008,-43.7903,5.6027
000009,-37.0767,-5.1127
000010,0.0000,0.0000
000011,-47.6231,56.0155
000012,-44.7224,-16.8680
000014,-37.6290,-19.7617
000016,-27.3635,-10.2041
000017,-47.0930,-12.5424
000018,-35.8042,-14.2180
000019,-22.8771,-1.7975
000020,-35.8100,-13.0115
000021,-37.4390,-21.5660
000022,-30.2696,-14.3208
000023,-34.3318,-7.0588
000024,1.9830,6.8905
000025,-44.7059,-2.5234
000026,-14.4909,30.8707
000027,-18.1208,-7.2931
000028,-17.0552,-4.7704
000029,-35.4455,-0.5859
000030,-14.0022,0.0000
000031,-32.7259,-11.6564
000032,-29.2743,-17.4817
000033,-40.7529,3.9746
000034,-44.6959,-18.9250
000035,25.0000,7.3870
000036,-36.3402,-6.3830
000037,-28.6853,-8.2734
000038,-200,-200
000039,-38.8095,-7.7315
000040,-38.3929,6.4220
000042,-23.7805,12.7719
000043,-22.6994,-15.0001
000045,-10.9091,-18.0556
000046,0.0618,1.8286
000048,-19.9405,64.6962
000049,-13.7970,-1.7067
000050,-41.9776,-14.9842
000055,-36.2745,-8.8187
000056,-39.7933,49.6454
000058,0.0000,0.0000
000059,-42.2931,15.6169
000060,-36.6923,-15.9786
000061,-29.4750,-2.0738
000062,-28.5714,-13.0493
000063,-26.0328,-5.7000
000065,-40.8163,-2.0423
000066,-29.0000,-20.2042
000068,0.0000,0.0000
000069,-6.7885,-0.4146
000070,-22.7473,-20.7515
000078,-31.9239,-19.9833
000088,-19.7767,0.6070
000089,-24.8188,-5.2008
000090,-39.4335,3.9146
000096,-36.6667,-4.2029
000099,-31.0116,-13.4365
000100,-38.0471,35.0978
000150,-39.2265,-1.6043
000151,-16.5858,-15.1228
000153,-33.1863,-12.9123
000155,-46.4419,15.5367
000156,-200,-200
000157,-33.2894,0.1294
000158,-36.0644,-14.2667
000159,-40.4692,-11.1299
000166,-200,-200
000301,-28.2632,-17.4699
000333,-200,-200
000338,-28.5462,-14.8552
000400,-35.2936,-11.8786
000401,-34.1887,-13.6429
000402,-14.6810,11.5556
000403,-200,-200
000404,-38.3126,-14.2191
000407,-28.3302,-17.4870
000408,-41.6027,-1.5013
000409,-38.9313,4.6599
000410,-36.8807,-11.2800
000411,-24.0467,41.2587
000413,-16.5385,-6.0498
000415,-35.9792,4.5286
000416,-29.1961,-17.4112
000417,-21.7175,8.1925
000418,-46.2021,-17.0731
000419,-25.8856,-13.5972
000420,-45.3055,-20.0231
000421,-27.2881,-11.5549
000422,-13.8184,-3.3475
000423,5.8914,-3.0169
000425,-41.5296,-8.7035
000426,-41.5758,-13.7125
000428,-27.1605,-22.4628
000429,-18.8451,-13.7577
000430,19.5244,-15.8163
000488,-31.7784,-7.9419
000498,-200,-200
000501,-9.2262,-4.0398
000502,-38.7985,-7.6577
000503,-32.3400,-17.5566
000504,-54.1948,-3.3395
000505,-46.4610,-0.7130
000506,-27.8798,-15.5896
000507,-32.1976,-14.2626
000509,0.4092,12.1072
000510,-43.0351,8.6747
000511,-26.1905,-5.2925
000513,-25.5187,-24.7994
000514,-39.9481,-11.2859
000516,-5.0096,-10.2564
000517,-40.3037,6.7818
000518,-49.4778,-13.6465
000519,-52.4513,-0.8737
000520,-32.7160,-9.7426
000521,-41.2270,-20.7972
000523,-13.7645,-4.2089
000524,-35.1438,-15.0780
000525,2.2861,-1.1364
000526,-44.3027,-12.0118
000528,-46.3448,-12.9388
000529,-8.9080,-7.9681
000530,-25.3752,-21.7514
000531,-35.7288,-17.9792
000532,-37.6432,7.5348
000533,-35.3741,-16.9978
000534,-47.1259,32.2275
000536,-42.2414,-6.4091
000537,-30.5195,-20.3874
000538,-6.6958,2.3297
000539,0.3397,-13.7380
000540,-45.3096,0.7831
000541,-27.3472,-3.6645
000543,-37.9642,3.0000
000544,2.6490,-11.4876
000545,-36.9433,12.5137
000546,-43.1967,-11.6379
000547,-25.5188,-13.4909
000548,-35.3535,-12.1635
000550,-20.9539,-21.5942
000551,-37.3427,-10.3175
000552,-27.2619,-6.4867
000553,-40.5276,-2.7907
000554,-38.9725,3.9595
000555,-35.2477,-16.2488
000557,0.0000,0.0000
000558,-58.1749,26.9748
000559,-27.9898,-17.3303
000560,-21.0271,1.9550
000561,-26.6512,-0.3448
000563,-8.5586,-3.9912
000564,-27.5281,-14.8509
000565,-50.7188,-20.3646
000566,-4.0662,-12.7379
000567,-32.9349,-15.8186
000568,-15.1865,1.1659
000570,-34.7545,-21.2425
000571,-30.6452,16.4933
000572,-36.8110,-19.0551
000573,-27.9773,8.8477
000576,-44.4260,-9.4512
000581,-5.7829,-3.3156
000582,-33.8865,-11.4307
000584,-37.5604,-11.0994
000585,-37.8824,-8.7234
000586,-33.0233,13.4817
000587,65.8491,27.6083
000589,-26.5554,-4.6095
000590,-24.0164,-9.1815
000591,-29.9621,-10.5200
000592,-34.2071,0.0000
000593,-17.3510,-13.7542
000595,-40.1070,-11.0847
000596,10.9419,6.5935
000597,-46.9225,-20.6915
000598,-4.0642,-7.3846
000599,-35.0993,2.3529
000600,-14.7287,-8.9719
000601,-30.6884,-8.5878
000603,-48.4032,3.6909
000605,-40.6994,0.0000
000606,-32.9480,1.0753
000607,-37.0370,-24.4813
000608,-28.8104,-25.7412
000609,-38.6766,8.7133
000610,-35.9407,-22.0863
000611,-33.5938,-14.0789
000612,-36.9124,-14.9647
000613,-36.6000,-5.6569
000615,-46.2304,-6.6234
000616,-26.4368,6.3369
000617,-47.7169,-21.3049
000619,-40.6852,-12.5326
000620,-200,-200
000622,-200,-200
000623,-33.1475,10.8837
000625,-25.1997,-1.8104
000626,-31.3088,22.9039
000627,-35.0797,-13.3072
000628,-31.0670,0.0000
000629,-42.6484,-19.4456
000630,-26.9130,-11.6931
000631,-40.8669,-16.4366
000632,-39.1051,-5.4545
000633,-44.9765,21.9756
000635,-32.8200,10.6903
000636,-37.9612,-11.9999
000637,-42.1951,-8.3081
000638,-32.8859,4.4268
000639,-6.6451,-2.5157
000650,-15.3629,13.5306
000651,-25.2809,5.1349
000652,-45.0521,-0.0021
000655,-19.6354,-11.7809
000656,-13.8686,16.5182
000657,-200,-200
000659,-42.8933,2.8972
000661,-25.6427,-2.2965
000662,-41.4248,-6.7985
000663,-36.6231,-17.0421
000665,-3.7351,-19.9333
000666,-30.3315,7.9660
000667,-26.5993,-12.6437
000668,-26.6105,-13.8911
000669,-32.4561,-10.0890
000670,-200,-200
000671,-22.7773,-8.4153
000672,-200,-200
000673,-30.9173,-6.0190
000676,-40.4000,-10.3020
000677,6.4018,-23.7232
000678,-40.4908,-20.0477
000679,-23.9103,-17.2864
000680,-47.7372,-22.3314
000681,-200,-200
000682,-48.7844,21.6061
000683,-33.6794,-2.2801
000685,-12.9522,-5.6901
000686,-38.3698,-7.3457
000687,-24.6552,-11.9940
000688,-200,-200
000690,-38.8778,-10.3905
000691,-43.1889,19.1453
000692,-35.4930,-9.1811
000693,-200,-200
000695,-54.8411,-8.7458
000697,-31.2016,-15.6006
000698,-39.3443,-7.1000
000700,-18.6084,-19.6721
000701,-14.4092,-14.8638
000702,-38.2570,4.1033
000703,-34.4551,3.8330
000705,-25.2918,11.2013
000707,-26.7565,31.5402
000708,-35.8416,-7.9688
000709,-36.1607,12.7820
000710,-30.3517,1.1512
000711,-22.3475,-8.1245
000712,-24.8701,-20.1052
000713,-9.6881,-11.9161
000715,-30.4047,-16.8464
000716,0.0000,-14.0934
000717,-28.7599,-3.5264
000718,-18.9232,-11.4754
000719,-200,-200
000720,-42.3729,-10.9208
000721,-27.5362,-15.1338
000722,-200,-200
000723,9.2893,-4.8461
000725,-34.9810,1.9436
000726,-27.3234,10.4935
000727,-52.0339,15.6425
000728,-24.2424,-5.3400
000729,-20.4130,-8.8167
000731,-1.7161,-8.8718
000732,-41.9209,27.4964
000733,-36.7573,-10.9528
000735,-41.6431,-3.2698
000736,-30.6102,-13.2365
000737,-33.5863,-23.5378
000738,-26.5035,-6.5188
000739,-15.6049,19.1209
000748,-35.9801,-12.1501
000750,153.9863,0.0000
000751,-47.2585,-29.2043
000752,-61.0577,14.4468
000753,-15.5172,-12.8908
000755,-36.0401,-10.9873
000756,-30.4306,-1.6883
000757,-200,-200
000758,-41.0834,-2.3776
000759,-30.7402,3.2691
000760,-43.0707,-15.0685
000761,-27.6845,-12.1172
000762,-36.6920,-6.3467
000766,-44.3350,3.2828
000767,-34.5324,11.2000
000768,-33.5165,-6.6667
000776,-45.0406,2.1609
000777,-27.1557,-15.0352
000778,-38.4393,-0.1332
000779,-22.4729,-16.8390
000780,-32.2368,6.5570
000782,-40.6590,13.3333
000783,-30.6652,-14.0575
000785,-47.0130,1.1384
000786,-28.3934,-3.3412
000788,-28.8187,-8.8889
000789,-38.2716,2.9301
000790,-43.5504,7.6297
000791,-31.1653,-13.8372
000792,-45.7216,13.5675
000793,-1.2367,-0.0033
000795,-25.0463,-24.6364
000796,-18.9873,-15.1408
000797,-33.8488,-6.0800
000798,-42.4242,-3.5132
000799,29.1758,-8.8235
000800,-36.1652,-15.5821
000801,-37.8426,6.3021
000802,-21.1490,-11.1272
000803,-37.2508,-3.7365
000806,-35.7895,-13.7255
000807,-39.2158,-16.9595
000809,-17.0409,12.8507
000810,0.0000,-7.1618
000811,-3.9900,-4.9795
000812,-30.1639,9.5887
000813,-45.4608,-5.6665
000815,-22.4329,-22.3529
000816,-9.1613,10.8967
000818,-37.3206,-11.1268
000819,-23.8315,-12.2954
000820,-200,-200
000821,-41.1517,-9.3390
000822,-46.6667,14.9727
000823,-44.5531,-3.7918
000825,-27.0059,-8.6340
000826,2.6895,-12.3603
000828,-20.8850,-13.2350
000829,-33.2597,-23.9541
000830,-12.3711,9.4637
000831,-200,-200
000833,-20.0760,-13.5836
000835,-41.0596,-9.7421
000836,-34.5930,-22.1477
000837,-44.0933,-3.4863
000838,-39.9561,-0.4329
000839,-33.6389,-7.7055
000848,-9.4231,-14.9664
000850,-28.8512,-5.0663
000851,-28.1998,-12.2667
000852,-33.2168,-11.4297
000856,-20.8105,-17.0819
000858,-7.5275,12.8599
000859,-45.2507,-1.8869
000860,-18.3781,-4.6484
000861,-21.1525,-1.1800
000862,-34.9180,-18.5136
000863,-200,-200
000868,-34.2610,-7.0386
000869,11.1569,15.3712
000875,-33.6323,0.4454
000876,-16.0401,9.9174
000877,-40.0961,-13.0943
000878,-24.7664,-13.5050
000880,-47.2756,-10.5189
000881,-33.5188,5.2259
000882,-34.3822,-6.2183
000883,-38.3046,-5.5359
000885,-29.5847,-3.3722
000886,-34.9372,-15.9137
000887,-11.2510,-17.8740
000888,2.2012,-7.7396
000889,-41.6390,-1.3771
000890,-37.0258,-8.7137
000892,-25.6360,-11.4726
000893,-33.5219,-18.4982
000895,6.9911,-11.2394
000897,-47.5556,-16.5044
000898,-32.4926,-12.0547
000899,-38.0880,0.6042
000900,-21.7662,-20.6890
000901,-23.9564,0.6173
000902,-57.2354,18.9212
000903,-41.4493,-14.0972
000905,-24.8927,-8.5206
000906,-32.2198,-11.8756
000908,-45.8042,-10.8696
000909,-30.6653,-9.4241
000910,-30.0811,-17.2178
000911,-34.9944,-9.8705
000912,-18.9891,-5.4688
000913,-40.5184,-12.4146
000915,-32.8783,10.7788
000916,-14.8161,-11.4155
000917,4.3071,0.0000
000918,-45.5056,-14.3489
000919,-11.8237,-8.5743
000920,-40.3393,-13.7019
000921,-41.8960,-18.8045
000922,-35.6436,-3.6680
000923,-43.3161,-15.1700
000925,-41.3613,-20.6212
000926,-38.8073,-7.5862
000927,-11.4493,-10.4121
000928,-5.4054,-6.0284
000929,-46.2201,-13.5135
000930,-19.8939,-14.7719
000931,-32.4213,-13.3487
000932,-32.8467,-4.9180
000933,-37.2709,-8.6551
000935,-38.5488,8.2827
000936,-39.7531,-9.8131
000937,-32.3163,15.0649
000938,-12.4481,-13.0900
000939,-15.2000,35.6268
000948,-28.1501,-21.9413
000949,-44.2335,1.0403
000950,-45.5013,0.0046
000951,-32.7322,-24.3885
000952,-37.1087,3.3476
000953,-46.5863,-17.4393
000955,-23.4522,-6.8493
000957,-7.0388,-10.1977
000958,-37.3737,-12.2592
000959,-37.9659,0.0000
000960,-36.1420,-10.9808
000961,-19.8095,-13.5203
000962,-37.3254,-9.4135
000963,11.1482,-6.6540
000965,-23.2086,-8.8909
000966,-39.3178,-8.4800
000967,-26.6888,-6.4386
000968,-42.8629,2.2907
000969,-14.5952,-1.6692
000970,-1.5756,-25.0327
000971,-46.5546,-15.8333
000972,-46.7442,-32.2433
000973,-47.0948,-15.8220
000975,-46.1287,0.0000
000976,-25.9897,3.5026
000977,-20.2944,-12.2467
000978,-27.0120,-10.6559
000979,-26.0516,-18.2819
000980,-29.8799,-6.8306
000981,-200,-200
000982,-11.1565,14.8525
000983,-37.3435,-6.6717
000985,-24.1736,-1.4244
000987,-23.5583,-9.7353
000988,-29.8418,-8.8064
000989,-11.3456,-11.7341
000990,-27.0109,-18.6761
000993,-30.0951,-21.3740
000995,-34.4451,6.1661
000996,-29.1621,-20.7215
000997,-25.0693,-13.9130
000998,0.9229,-3.4672
000999,-2.6449,-13.8698
001696,-14.8459,-20.3756
001896,-53.3865,84.0074
002001,-30.6036,-1.5612
002002,3.5036,5.1604
002003,-25.4677,-17.3906
002004,-23.8522,7.6115
002005,-1.8797,-9.9054
002006,-16.8219,-5.4848
002007,-25.8743,-14.8454
002008,-45.6053,-11.8520
002009,-51.7487,-8.3724
002010,-36.0941,-4.2459
002011,-35.7195,-1.7696
002012,-8.1991,-7.3411
002013,-28.3173,-6.2578
002014,-7.6923,-1.0204
002015,-12.5635,-17.8924
002016,-32.2981,-5.8757
002017,-23.2868,-21.7086
002018,-40.0799,-5.7572
002019,-61.2395,0.2096
002020,-11.7647,-3.2795
002021,-34.0841,-1.7192
002022,-21.5161,-14.4376
002023,-39.6806,5.4614
002024,-33.1220,0.6029
002025,6.3584,-6.8032
002026,-4.7771,-7.5675
002027,-30.9720,-9.5308
002028,-9.1575,-37.3544
002029,11.0063,4.9589
002030,-17.8218,-17.8042
002031,-22.4837,-12.0450
002032,-26.2042,0.5630
002033,-1.0204,-17.3043
002034,-20.0000,69.7572
002035,-32.5041,-3.2865
002036,-23.5948,5.7932
002037,-19.0275,1.3196
002038,-12.0953,13.2590
002039,-33.3837,-2.4348
002040,-36.1887,-2.7091
002041,40.0881,-22.4226
002042,-37.3913,-6.2534
002043,-29.9685,-14.0820
002044,-19.7425,-2.5739
002045,-23.7197,-30.3649
002046,-36.7060,-15.5408
002047,-41.2475,-4.6904
002048,-39.1892,-9.9211
002049,-6.5491,-22.8019
002050,-24.6596,-3.9439
002051,2.7553,10.6462
002052,-28.6765,-20.8481
002053,-26.2990,-10.1155
002054,-16.2332,-15.7665
002055,0.5076,-2.2034
002056,-41.2963,-25.3019
002057,-14.9842,-20.4814
002058,-31.2144,-5.1925
002059,-12.3201,0.7130
002060,-37.0732,2.7738
002061,-43.8705,-13.2680
002062,-43.3028,-27.4688
002063,-8.6699,5.4480
002064,-48.3329,-18.9420
002065,13.7941,-2.7380
002066,-24.0885,-7.9816
002067,-30.8943,3.1301
002068,-39.6394,26.1905
002069,3.5850,1.7457
002070,-13.3768,-13.0519
002071,-36.4274,-11.6231
002072,-41.5534,7.5025
002073,-25.1255,-15.0391
002074,-14.9903,-7.6935
002075,-50.8434,-200
002076,-28.1915,-11.4456
002077,-45.4545,-10.6414
002078,-21.4871,-11.5512
002079,-41.5730,21.1003
002080,-23.2977,-26.0559
002081,-7.1316,-4.0767
002082,-35.1850,0.7220
002083,-36.1940,-12.8314
002084,-34.5972,-13.5412
002085,-43.3856,-10.7443
002086,-8.2569,-1.7544
002087,-28.1559,-19.3182
002088,-31.3167,-16.9524
002089,-30.0377,-9.9011
002090,-14.4509,-29.2361
002091,-30.9744,-9.8283
002092,-41.6667,-8.0730
002093,-3.4586,-17.3101
002094,-44.8529,4.2098
002095,-21.4854,-18.8637
002096,-3.2000,-12.1887
002097,-36.7906,-14.0644
002098,-36.4370,-7.0878
002099,-14.6898,-4.1900
002100,-17.8060,-15.7639
002101,-46.3717,8.6319
002102,-29.5271,85.8390
002103,-28.4076,-6.1633
002104,-25.8635,-23.9362
002105,-40.4601,-3.3854
002106,-43.7206,-6.9689
002107,-19.0596,-7.8281
002108,-20.3297,-19.9003
002109,-17.4737,-5.5284
002110,-30.1572,-2.9825
002111,-20.4562,-21.8962
002112,-32.5260,-25.3922
002113,-24.5399,-3.4198
002114,-51.0981,-27.4304
002115,-18.6667,-8.9726
002116,-9.9457,-9.9585
002117,5.3502,-20.6479
002118,-54.1039,24.3994
002119,-23.1312,-14.6465
002120,-34.9553,-4.0875
002121,-41.6230,-16.0537
002122,-48.9362,-14.5165
002123,-27.7434,-8.7577
002124,-25.2128,-21.6336
002125,-30.4702,-15.3785
002126,-25.8415,-18.9862
002127,-45.3430,-21.1268
002128,-36.3420,-1.2680
002129,-47.3418,-5.1508
002130,-14.3808,-18.4572
002131,-31.3889,-6.9524
002132,-43.8148,-13.2617
002133,-16.7273,-14.3740
002134,-46.5878,19.5556
002135,-18.4995,-8.3918
002136,-2.3175,25.5814
002137,-32.2974,-8.4370
002138,-31.9527,-16.8333
002139,-47.8833,-11.7357
002140,-15.1292,10.2564
002141,-14.9660,-13.7905
002142,-13.9098,-16.4004
002143,-18.6766,-10.9745
002144,-2.1106,-12.4866
002145,-13.8624,5.2805
002146,-8.5239,-1.5835
002147,-44.0053,-6.8113
002148,6.4403,-26.3019
002149,-37.4593,-27.2110
002150,-43.6920,9.6199
002151,-6.8042,1.0154
002152,-24.7085,-3.2236
002153,-27.1820,0.6710
002154,-12.2963,5.5473
002155,-36.9066,-16.4720
002156,-44.0518,-17.8034
002157,-9.3839,23.2541
002158,-48.0537,-4.4222
002159,12.0427,-21.8413
002160,-47.0844,29.7600
002161,-15.2195,-1.6086
002162,-47.5184,-16.0596
002163,-41.1239,-14.8461
002164,-28.3315,-18.6847
002165,-24.6622,-5.5764
002166,-26.7754,-18.0663
002167,-27.4742,23.0530
002168,-46.0335,-20.8535
002169,-29.9892,-15.6249
002170,-32.9825,-7.2852
002171,-35.0446,-18.8283
002172,-48.0882,-21.6063
002173,-34.8837,28.8154
002174,-28.2983,2.1297
002175,-23.6584,-11.1916
002176,-28.8651,9.0337
002177,-8.9404,-7.6116
002178,-17.9028,-6.7475
002179,-23.7209,-3.9869
002180,-56.7608,14.4579
002181,2.7256,-10.5857
002182,-18.7647,-23.5163
002183,-31.9588,-8.9414
002184,-41.7482,-9.7080
002185,-33.5807,-18.3246
002186,-0.4802,-6.8008
002187,-25.5278,-12.0633
002188,-33.2442,5.4820
002189,-38.5430,-1.2821
002190,-34.4319,4.4151
002191,14.3876,-8.8378
002192,-37.8571,-14.9157
002193,-22.9806,-21.8119
002194,-27.0814,-19.1826
002195,-3.5088,24.0428
002196,-24.7332,-0.5603
002197,-29.3997,21.3061
002198,-25.0707,-15.3295
002199,-41.0871,-14.2204
002200,-18.4230,-29.8661
002201,-27.8107,-5.7385
002202,-45.8921,-26.0138
002203,-17.3255,-18.3572
002204,-16.5880,16.2825
002205,-45.6154,-15.3634
002206,-31.4108,-7.6154
002207,-24.6487,-13.9969
002208,-38.0000,-19.9090
002209,-20.1944,-16.7279
002210,-33.5267,-14.3671
002211,-41.4634,-0.4808
002212,-32.1111,-13.1561
002213,-43.1579,-15.0449
002214,-15.4207,-11.5938
002215,-46.3189,-5.0748
002216,-7.9291,3.9808
002217,-28.4296,3.7778
002218,-26.5035,-15.3440
002219,-26.2761,31.8352
002220,-7.0502,-5.6114
002221,-10.7764,-17.4653
002222,-26.9663,-19.7080
002223,-14.5944,3.2922
002224,-31.5197,-22.5317
002225,-27.1028,4.6480
002226,-24.1296,-5.1686
002227,-16.0300,-9.5136
002228,-22.4299,-17.3338
002229,-4.1300,-10.4192
002230,-10.2564,-9.3743
002231,-4.3760,-10.4583
002232,-26.9091,-13.2328
002233,-25.0399,40.6124
002234,8.8700,26.1227
002235,-16.7972,-9.7674
002236,14.6026,29.1185
002237,-23.0711,-12.8581
002238,-2.6003,-6.8906
002239,35.9795,-17.7725
002240,-41.4141,-4.4212
002241,-1.4374,13.5152
002242,-32.9508,-14.7256
002243,-41.0663,-9.9622
002244,-40.9167,0.8623
002245,-37.4536,-0.7448
002246,-44.6903,-15.9599
002247,-34.9078,-11.4457
002248,-25.9923,-34.4706
002249,-28.6396,-26.2602
002250,-10.4081,-8.5082
002251,-10.7391,-4.0940
002252,1.0553,-20.9269
002253,-35.7534,0.5426
002254,-34.9686,-20.8556
002255,-1.2334,-5.0617
002256,-65.5841,0.0000
002258,-34.0282,-11.6197
002259,-25.5510,-9.1635
002260,-46.7819,-15.8730
002261,8.5118,-17.5412
002262,9.4057,-12.7559
002263,-40.5911,-0.7664
002264,2.1595,-5.5487
002265,-49.6042,-12.2588
002266,-10.5124,-0.4996
002267,-8.2081,-12.6874
002268,-3.5308,-8.9938
002269,-9.8577,5.8666
002270,-43.2353,-15.3513
002271,-26.6627,-5.7330
002272,-33.3824,-10.1130
002273,-9.1139,-7.2727
002274,-22.3770,-2.0354
002275,-20.1881,-3.2150
002276,-36.8071,-12.8440
002277,-27.9070,-2.4075
002278,-24.3536,-15.0119
002279,-6.0309,-17.4925
002280,-39.2765,-14.0655
002281,1.3793,-16.6412
002282,-37.6987,-1.5696
002283,-24.0426,-10.0350
002284,-40.1632,-25.6656
002285,-36.0090,2.9493
002286,-22.2049,-17.2414
002287,-21.0019,-11.2901
002288,12.0283,-18.3412
002289,-26.9391,-11.6874
002290,-35.3469,-13.1380
002291,-11.3556,-8.9641
002292,33.5991,0.2374
002293,-1.3158,28.9746
002294,-27.6716,-13.5499
002295,-28.9377,-16.9822
002296,-41.5000,-16.3650
002297,-28.2109,-7.0289
002298,9.3083,-19.2333
002299,-7.2545,-7.0736
002300,-10.4185,-17.2894
002301,-20.8838,-10.6599
002302,-34.6469,-8.9091
002303,-41.2698,-6.2689
002304,3.5737,22.5381
002305,-13.8564,-15.0481
002306,-21.7935,-13.5219
002307,-26.4671,-20.9201
002308,-3.9815,-0.9751
002309,-21.9394,2.0590
002310,-3.5039,-10.2765
002311,13.2316,19.4187
002312,-40.8889,-5.6432
002313,-7.1101,-10.1726
002314,-31.6906,-11.0689
002315,-11.4823,-19.2795
002316,-17.6318,-8.2241
002317,-1.6036,-13.5926
002318,-3.8786,-3.1196
002319,-37.4679,-15.0867
002320,-3.8657,-21.4205
002321,-23.3407,-22.6204
002322,-19.3548,-23.3254
002323,-22.5543,-10.6817
002324,-33.6364,-15.3608
002325,2.2199,-14.5339
002326,-40.0992,-7.8058
002327,16.9409,20.0865
002328,-35.5429,-9.2144
002329,-24.1667,-19.9359
002330,-29.6886,-6.5542
002331,-20.1675,-13.3178
002332,-8.6113,-17.5876
002333,-33.1865,-13.5422
002334,-51.1992,-4.2659
002335,-15.9897,-30.2434
002336,-19.3411,-9.6301
002337,-33.6558,-15.6028
002338,-14.1332,13.7497
002339,-8.1690,-18.0045
002340,-6.2500,-18.7168
002341,-16.9576,9.1638
002342,-44.2000,-5.1956
002343,-3.1065,-11.6032
002344,4.8656,2.1807
002345,0.4655,-3.4165
002346,-45.2558,-2.8244
002347,-33.7774,-11.8150
002348,-9.7540,-11.1386
002349,-5.8696,-12.1723
002350,6.2077,-15.1213
002351,-23.4198,-14.6390
002352,-8.1264,-17.6264
002353,11.2878,3.5394
002354,-32.2535,-25.9510
002355,-21.8968,-18.7536
002356,-25.0314,-15.9088
002357,-18.0791,1.8836
002358,6.1482,2.9979
002359,-31.3990,-4.4129
002360,-29.2260,-10.8862
002361,-27.4528,-3.3400
002362,-54.6343,-31.3202
002363,-24.4431,-11.0750
002364,-16.9269,-11.6837
002365,-24.9022,-5.3089
002366,-28.5513,-17.5428
002367,-17.2847,-9.4703
002368,-8.6802,-20.8074
002369,-6.9913,3.2898
002370,-33.2719,9.1696
002371,-6.4643,-17.7281
002372,-10.5808,-14.1231
002373,-36.5414,-22.3265
002374,-35.5272,-23.5387
002375,-25.1712,-15.7549
002376,8.7659,-0.5477
002377,-7.4949,0.6629
002378,-20.7955,-27.8306
002379,-20.0122,-11.3492
002380,-22.7952,-16.4888
002381,-29.9772,-12.5883
002382,14.0943,-12.6692
002383,-15.5946,-10.4878
002384,-42.7463,-23.8981
002385,-0.0922,-7.1718
002386,-32.9856,-16.4251
002387,-12.4126,-3.9848
002388,-31.9175,1.9960
002389,-9.3227,-5.7806
002390,-30.5481,-26.8020
002391,-25.0554,-21.9028
002392,-26.8313,25.0753
002393,-21.1768,-7.7889
002394,-16.3186,-17.9478
002395,-27.6685,-17.3821
002396,-7.6110,-24.1847
002397,-1.8805,24.3794
002398,-16.7857,6.0706
002399,-35.6771,-37.4167
002400,24.4608,-23.4478
002401,-6.8208,-15.0012
002402,-12.6032,-22.8983
002403,-31.5789,-16.3123
002404,-15.6678,-20.4785
002405,-34.8686,-5.8373
002406,-39.5335,-15.2742
002407,-40.8754,-12.9818
002408,-40.9650,3.9560
002409,-33.7249,-11.5862
002410,-2.7958,1.1306
002411,-36.5253,-19.3039
002412,-10.0427,-18.1912
002413,-36.9687,-12.7974
002414,2.2612,-19.6291
002415,11.3413,-3.1827
002416,-10.4017,-25.9897
002417,-1.1847,-21.4364
002418,-46.4286,-16.9457
002419,-17.9833,0.4032
002420,-29.0429,-24.9176
002421,-14.3722,-14.7076
002422,-26.4407,-8.4742
002423,-38.7658,38.2692
002424,-18.8680,9.4776
002425,-59.9605,-0.2943
002426,-39.2340,-21.3036
002427,-46.0342,-2.2136
002428,-30.1700,-26.2016
002429,-32.9283,-22.1057
002430,3.9907,1.5700
002431,-7.3563,-27.7888
002432,-25.5870,-7.8049
002433,-7.5587,-13.6216
002434,-40.6328,0.1286
002435,-23.1829,-16.5794
002436,-35.8197,-7.1206
002437,-27.2492,-24.0735
002438,0.0000,-20.8860
002439,7.5874,-19.2479
002440,-24.6626,-10.1989
002441,-14.8853,-24.4620
002442,-36.8852,17.0955
002443,-34.0221,-20.8554
002444,-39.0564,-14.7129
002445,-10.4724,20.8382
002446,-35.4760,-15.0987
002447,7.0871,-9.2393
002448,-37.0656,-6.0871
002449,-35.4904,-25.5180
002450,8.7081,11.2747
002451,-11.8265,-14.3282
002452,-27.5644,-23.3913
002453,-40.9173,-2.9187
002454,-36.8356,-23.5913
002455,-44.1975,-16.3395
002456,-30.4168,-9.0365
002457,-34.8148,-11.1027
002458,7.8995,-10.6100
002459,-53.6000,-12.7171
002460,-26.5133,5.1884
002461,-42.3551,-9.8805
002462,-31.8479,-9.2698
002463,-37.3219,-15.8342
002464,-6.7200,-13.5981
002465,-19.1623,-12.9847
002466,-13.2883,5.1186
002467,-8.2060,-11.7479
002468,-37.0552,-11.9992
002469,8.9219,-28.0645
002470,-23.7218,-5.5020
002471,-5.4396,-24.0405
002472,-39.1194,-9.8564
002473,-43.0155,11.5324
002474,1.0886,1.5360
002475,-1.1331,29.6451
002476,-19.8026,-8.7421
002477,-27.2900,21.7797
002478,-25.4824,-8.0158
002479,-7.0431,-24.9141
002480,-57.5051,-6.5524
002481,-25.7092,-10.1837
002482,-19.8844,-11.2818
002483,-28.5209,-22.6187
002484,-28.4139,-11.3389
002485,0.6464,-3.5164
002486,-42.9553,-4.6509
002487,-31.9132,-19.5572
002488,-34.5426,-22.0393
002489,-36.1470,-5.1934
002490,-40.5683,-23.1936
002491,-27.7640,-7.1306
002492,-27.1051,-9.4855
002493,-43.0902,-7.7442
002494,-29.3060,-16.6702
002495,-31.8254,-15.5969
002496,-27.7014,-27.7821
002497,-27.6293,-7.1512
002498,-14.6278,-24.4750
002499,-9.4077,-16.9313
002500,-28.1111,-7.4813
002501,-22.2749,-12.0318
002502,-1.9182,-20.7721
002503,-5.5200,-11.2798
002504,-30.6101,-17.3690
002505,-34.9282,16.1698
002506,-30.0677,-17.7516
002507,-24.1538,-12.6573
002508,-6.3121,-13.9394
002509,-25.9049,-8.5925
002510,-34.5748,-16.1923
002511,-9.9924,-21.3453
002512,-11.3826,-1.4558
002513,-21.2621,-11.6787
002514,-40.2413,-13.4680
002515,-23.8028,-8.1086
002516,-39.4576,-11.0442
002517,-1.4400,-17.9106
002518,-26.4117,-18.8211
002519,-11.3467,-21.2797
002520,-23.8973,12.4787
002521,-33.4650,-27.6610
002522,-21.0780,-6.8504
002523,-35.5847,-16.5984
002524,-33.4887,1.7806
002526,-39.5295,-4.8300
002527,-33.8353,-20.0016
002528,-30.6332,-17.6745
002529,-29.1840,-14.6026
002530,-13.0349,-8.4492
002531,-28.6776,-14.9814
002532,7.3258,0.3426
002533,-33.4363,-18.7637
002534,-16.4055,-20.8985
002535,-31.3860,1.7500
002536,-18.3197,-21.2017
002537,-26.8519,-21.1250
002538,2.3339,-6.2217
002539,-28.9821,0.2303
002540,-30.0000,-21.1180
002541,-25.1248,-1.1125
002542,-38.3721,3.4381
002543,-23.7495,-12.0178
002544,-11.9764,-10.7517
002545,-26.4170,-20.8091
002546,-1.8529,2.4384
002547,7.5564,-19.5926
002548,-22.4835,-12.5202
002549,-7.1631,6.9304
002550,-12.1254,-22.4124
002551,-25.3873,-27.9892
002552,-32.3390,-11.6182
002553,-32.1346,-30.2545
002554,-36.5711,-8.1174
002555,-20.5694,-16.8606
002556,-11.3924,-11.9570
002557,12.5720,-17.4897
002558,-11.8476,-22.4158
002559,-13.4126,-18.2337
002560,-19.4650,-25.4954
002561,-22.5970,-18.3069
002562,-4.5828,-12.9749
002563,-20.2941,-14.8387
002564,-41.5816,-3.5542
002565,1.3115,-13.5338
002566,-7.5920,-16.6712
002567,-15.8495,-5.5769
002568,-10.7592,-23.6160
002569,-20.6748,-34.7763
002570,-28.3582,-18.5326
002571,-25.9806,-12.4128
002572,9.7641,-0.3747
002573,34.7535,-20.4992
002574,-12.9142,-23.0855
002575,-28.7042,-10.4037
002576,-29.7539,4.8696
002577,-25.6455,-10.6575
002578,-27.7659,-21.4130
002579,-26.8172,-3.7569
002580,-11.0281,7.0183
002581,-17.0519,-6.2617
002582,2.9907,6.3786
002583,10.7492,5.6410
002584,-22.0311,-6.1528
002585,-18.3035,-11.8480
002586,-11.4422,21.7593
002587,0.4292,10.3609
002588,18.4211,0.6115
002589,1.9216,4.4599
002590,-25.3326,2.0076
002591,-22.1547,5.1282
002592,-36.3669,-200
002593,-21.1607,-2.8417
002594,-10.4126,10.0196
002595,-3.1868,5.5650
002596,-45.9781,-200
002597,-19.8582,-200
002598,-45.5561,-200
002599,-36.1728,-200
002600,-33.9348,-200
002601,-4.9669,-200
002602,-43.2060,-200
002603,-14.0779,-200
002604,-20.1027,-200
002605,-55.3245,-200
002606,-30.6243,-200
002607,-12.0572,-200
002608,-38.8128,-200
002609,-36.5935,-200
002610,-44.4966,-200
002611,-29.3247,-200
002612,-39.4480,-200
002613,-46.8733,-200
002614,-41.6157,-200
002615,-36.9068,-200
002616,-6.2500,-200
002617,-21.9373,-200
002618,-32.3295,-200
002619,-21.7366,-200
002620,-19.6925,-200
002621,-16.9020,-200
002622,-38.3614,-200
002623,-31.9550,-200
002624,-35.8054,-200
002625,-28.8092,-200
002626,-25.4592,-200
002627,-23.1892,-200
002628,-30.9922,-200
002629,-31.3446,-200
002630,-29.0598,-200
002631,-34.9544,-200
002632,-24.1307,-200
002633,-26.7747,-200
002634,-15.7383,-200
002635,5.2281,-200
002636,-28.5370,-200
002637,-25.8576,-200
002638,9.7720,-200
002639,-26.9397,-200
002640,-28.3793,-200
002641,-25.2954,-200
002642,-24.4391,-200
002643,-8.8845,-200
002644,-18.8768,-200
002645,-12.8245,-200
002646,-12.4138,-200
002647,-2.1186,-200
002648,1.2623,-200
002649,-200,-200
002650,-200,-200
002651,-200,-200
002652,-200,-200
002653,-200,-200
002654,-200,-200
002655,-200,-200
002656,-200,-200
002657,-200,-200
002658,-200,-200
002659,-200,-200
002660,-200,-200
002661,-200,-200
002662,-200,-200
002663,-200,-200
002664,-200,-200
002665,-200,-200
002666,-200,-200
002667,-200,-200
002668,-200,-200
002669,-200,-200
002670,-200,-200
002671,-200,-200
002672,-200,-200
002673,-200,-200
002674,-200,-200
002675,-200,-200
002676,-200,-200
002677,-200,-200
002678,-200,-200
002679,-200,-200
002680,-200,-200
002681,-200,-200
002682,-200,-200
002683,-200,-200
002684,-200,-200
002685,-200,-200
002686,-200,-200
002687,-200,-200
002688,-200,-200
002689,-200,-200
002690,-200,-200
002691,-200,-200
002692,-200,-200
002693,-200,-200
002694,-200,-200
002695,-200,-200
002696,-200,-200
002697,-200,-200
002698,-200,-200
002699,-200,-200
002700,-200,-200
002701,-200,-200
002702,-200,-200
002703,-200,-200
002705,-200,-200
002706,-200,-200
002707,-200,-200
002708,-200,-200
002709,-200,-200
002711,-200,-200
002712,-200,-200
002713,-200,-200
002714,-200,-200
002715,-200,-200
002716,-200,-200
002717,-200,-200
002718,-200,-200
002719,-200,-200
002721,-200,-200
002722,-200,-200
002723,-200,-200
002724,-200,-200
002725,-200,-200
002726,-200,-200
002727,-200,-200
002728,-200,-200
002729,-200,-200
002730,-200,-200
002731,-200,-200
002732,-200,-200
002733,-200,-200
002734,-200,-200
002735,-200,-200
002736,-200,-200
002737,-200,-200
002738,-200,-200
002739,-200,-200
002740,-200,-200
002741,-200,-200
002742,-200,-200
002743,-200,-200
002745,-200,-200
002746,-200,-200
002747,-200,-200
002748,-200,-200
002749,-200,-200
002750,-200,-200
002751,-200,-200
002752,-200,-200
002753,-200,-200
002755,-200,-200
002756,-200,-200
002757,-200,-200
002758,-200,-200
002759,-200,-200
002760,-200,-200
002761,-200,-200
002762,-200,-200
002763,-200,-200
002765,-200,-200
002766,-200,-200
002767,-200,-200
002768,-200,-200
002769,-200,-200
002770,-200,-200
002771,-200,-200
002772,-200,-200
002773,-200,-200
002775,-200,-200
002776,-200,-200
300001,-36.0933,-15.3236
300002,-36.3541,-21.2353
300003,-29.0975,-23.6659
300004,3.8950,4.5986
300005,15.3113,16.5912
300006,-19.1241,33.6977
300007,-20.0119,-12.1018
300008,-31.4317,-12.5477
300009,-1.8010,-11.9527
300010,-28.5821,-8.0774
300011,-29.8513,-20.1486
300012,2.2504,-6.9119
300013,-26.1578,-14.8249
300014,-12.9751,6.8118
300015,27.3365,-7.6378
300016,-18.0113,-4.1952
300017,2.8081,-19.6708
300018,-35.2025,-6.1377
300019,-28.4576,-8.7691
300020,-4.5491,-14.2708
300021,14.0039,3.0666
300022,5.8244,-27.9153
300023,-19.2771,-16.2467
300024,-22.5087,-12.0029
300025,-19.4678,-25.5113
300026,-6.3670,5.4397
300027,10.4822,1.6144
300028,-20.3474,-15.8686
300029,-41.7295,-26.2106
300030,-11.4310,-16.7889
300031,-12.7160,-11.5049
300032,-42.0151,-2.3967
300033,-30.1009,-22.1668
300034,-31.0404,4.8991
300035,-32.3297,-17.2112
300036,13.6207,0.6517
300037,-13.7832,0.0761
300038,-13.0723,-16.8508
300039,-14.8011,-1.9248
300040,-34.4395,-19.4092
300041,-41.9226,-0.2663
300042,-8.2988,-14.7193
300043,16.2866,-9.5433
300044,-22.2782,-21.9722
300045,10.7676,-9.2046
300046,-21.1434,-13.1808
300047,-10.9131,-23.5368
300048,-16.1698,-17.8015
300049,-30.9850,-20.7617
300050,-41.7853,-29.8258
300051,9.5193,-13.6116
300052,-12.8988,-15.4545
300053,-20.6796,-8.8053
300054,-13.3033,-7.3078
300055,-58.1699,-15.9018
300056,-28.1341,-1.6444
300057,-28.2470,-8.2430
300058,44.9761,8.4322
300059,-16.2811,-16.8698
300061,-5.0588,-13.6993
300062,-25.6450,-11.6308
300063,-10.3370,-23.1473
300064,-13.5347,1.8939
300065,-32.6648,-11.7223
300066,-27.0061,-24.1432
300067,-22.8656,-16.0222
300068,-13.6219,-21.6369
300069,-11.9974,-20.8872
300070,3.7000,-9.7256
300071,6.7514,-16.4818
300072,14.5089,-25.8096
300073,-31.2907,-19.8196
300074,-19.3525,-15.6616
300075,-0.9288,-23.8780
300076,-18.4756,-31.5119
300077,6.3692,-40.4420
300078,-14.2713,-39.4345
300079,21.1973,-27.6987
300080,-43.5492,-17.9266
300081,10.3308,-25.0282
300082,-44.8399,-12.6528
300083,-14.7566,-26.5418
300084,-44.9358,-17.2157
300085,-16.6812,-28.4427
300086,-14.5254,-31.6102
300087,8.0217,-31.4946
300088,-32.2435,-10.4035
300089,-4.4974,-21.0472
300090,-12.5000,-23.0551
300091,-27.3591,-24.1212
300092,-18.3224,-22.4817
300093,-43.1604,-19.7120
300094,-25.1685,-30.7178
300095,-33.0344,-11.9111
300096,-13.0376,-16.4030
300097,-16.1290,-23.9054
300098,-16.9973,10.2466
300099,-16.7107,-18.0107
300100,-26.0794,-25.5264
300101,7.1671,-27.7049
300102,-54.7595,-9.0107
300103,7.7256,-24.4240
300104,31.1604,-17.9122
300105,8.7113,-12.8977
300106,-19.7910,-8.9536
300107,-42.4605,-28.3377
300108,-35.1025,7.8723
300109,-5.2925,-30.5668
300110,-25.9859,-10.9317
300111,-35.7324,-17.0889
300112,-23.2201,-17.1497
300113,6.0997,-17.1408
300114,-23.8144,-10.7750
300115,41.6118,-7.8479
300116,-26.9170,-24.3137
300117,-44.1409,-7.7714
300118,-38.7442,-32.4017
300119,-8.2660,-30.3414
300120,-29.1301,-20.7738
300121,-10.7636,-16.5396
300122,-1.9906,-22.1969
300123,-40.3855,-2.5502
300124,-21.4379,6.4580
300125,-34.1100,-18.7021
300126,-22.1429,-17.0812
300127,33.4807,-15.0839
300128,-38.6717,-4.5319
300129,-37.9765,-30.9370
300130,0.7557,-7.7736
300131,-25.7215,-10.5998
300132,-9.6774,-20.8689
300133,49.6036,-16.6088
300134,-34.2441,-12.4790
300135,-22.6049,-29.5599
300136,-1.0899,-25.0778
300137,14.6435,-25.3312
300138,-13.6462,-7.1288
300139,13.0256,-6.5689
300140,-10.6041,-22.6600
300141,-11.9718,-17.3740
300142,-14.3054,-23.5721
300143,-41.0502,-18.0556
300144,29.8102,-2.9623
300145,-3.2796,-8.7397
300146,41.9461,2.2570
300147,-24.4706,-22.6025
300148,85.2559,-22.3030
300149,-30.6092,-21.5081
300150,-42.3378,-13.5440
300151,-33.9634,-18.4162
300152,-26.7845,-16.9323
300153,-6.6667,-28.7566
300154,-20.6023,-20.9002
300155,10.9229,-36.2827
300156,-4.1667,-14.4567
300157,-18.3121,14.4668
300158,-0.7859,-7.6098
300159,-8.8903,-20.2500
300160,-22.4329,12.1045
300161,-52.1083,-5.2412
300162,24.0902,-29.8816
300163,-19.5545,-16.9569
300164,-10.7687,-21.7963
300165,-14.5611,-26.1731
300166,41.5473,-16.9190
300167,-24.2950,-24.1709
300168,21.6958,-21.4838
300169,-33.7667,29.2253
300170,12.5533,-8.9957
300171,-5.2723,-2.0069
300172,17.0408,-26.7767
300173,-6.7652,-30.2015
300174,-1.7234,-16.5224
300175,5.3123,-13.8686
300176,-26.0355,-18.3010
300177,-1.3889,-20.3019
300178,-20.5794,-18.5859
300179,-22.0313,-18.4645
300180,-23.0370,-25.5107
300181,14.0262,-16.0772
300182,8.1645,-3.8031
300183,57.3174,1.6393
300184,-11.5909,-29.7806
300185,-27.4544,-20.3160
300186,-0.6702,-24.5725
300187,-9.5429,13.9162
300188,-2.5563,-24.7751
300189,1.4894,-20.6454
300190,-0.3293,-23.3383
300191,-19.1229,-21.3494
300192,-17.7870,-28.3727
300193,-24.0113,-24.4062
300194,-24.8120,-22.4543
300195,-9.8209,11.2329
300196,-20.6111,-15.1869
300197,19.2877,-11.8073
300198,-7.8950,-6.3556
300199,9.4383,24.6075
300200,-22.9254,-18.3389
300201,-11.3240,-21.7696
300202,15.7692,-0.6538
300203,11.7571,-26.6325
300204,70.1323,-22.8394
300205,-23.5679,-17.1166
300206,-32.5256,-16.5928
300207,3.4483,-22.8162
300208,-8.1865,-15.2688
300209,-16.8641,-14.4511
300210,33.4301,-21.0741
300211,-22.3501,-12.2283
300212,11.9030,-3.6462
300213,-8.9041,-9.8336
300214,-3.5431,5.4067
300215,-15.8655,-3.3333
300216,8.2732,-1.4793
300217,1.7391,-4.6189
300218,1.7699,-8.9448
300219,1.2346,-10.3768
300220,-9.9436,-16.9296
300221,-18.0317,-9.4595
300222,3.2895,1.2160
300223,-19.8762,-1.1162
300224,34.6535,-4.9194
300225,-32.7136,1.5049
300226,14.6677,-5.1002
300227,-1.2771,-2.0085
300228,21.0589,15.9854
300229,73.5732,-2.2552
300230,-2.9936,11.6084
300231,0.1177,9.2173
300232,-14.9309,9.4186
300233,-36.4706,3.4855
300234,6.9624,21.1526
300235,-23.0562,2.1171
300236,-15.1899,2.5316
300237,-35.8214,1.4354
300238,1.9372,-200
300239,-39.3309,-200
300240,-49.5086,-200
300241,-22.8117,-200
300242,-28.8355,-200
300243,-13.2303,-200
300244,5.7926,-200
300245,-2.4217,-200
300246,-35.2223,-200
300247,-47.2106,-200
300248,-39.8671,-200
300249,-47.7083,-200
300250,-36.7765,-200
300251,-17.9459,-200
300252,-47.1691,-200
300253,0.0233,-200
300254,-35.1962,-200
300255,-41.7069,-200
300256,-30.0719,-200
300257,-22.4806,-200
300258,-45.0053,-200
300259,-44.0909,-200
300260,-34.4355,-200
300261,-43.0540,-200
300262,-21.8468,-200
300263,-26.4661,-200
300264,-27.5308,-200
300265,-41.4661,-200
300266,-9.8427,-200
300267,-27.5115,-200
300268,-15.8747,-200
300269,-21.4159,-200
300270,-4.4170,-200
300271,-19.2680,-200
300272,-39.2829,-200
300273,-23.1151,-200
300274,-21.0829,-200
300275,-13.6080,-200
300276,-35.0897,-200
300277,-27.3077,-200
300278,-17.3743,-200
300279,10.0062,-200
300280,4.0486,-200
300281,0.8547,-200
300282,2.3225,-200
300283,-200,-200
300284,-200,-200
300285,-200,-200
300286,-200,-200
300287,-200,-200
300288,-200,-200
300289,-200,-200
300290,-200,-200
300291,-200,-200
300292,-200,-200
300293,-200,-200
300294,-200,-200
300295,-200,-200
300296,-200,-200
300297,-200,-200
300298,-200,-200
300299,-200,-200
300300,-200,-200
300301,-200,-200
300302,-200,-200
300303,-200,-200
300304,-200,-200
300305,-200,-200
300306,-200,-200
300307,-200,-200
300308,-200,-200
300309,-200,-200
300310,-200,-200
300311,-200,-200
300312,-200,-200
300313,-200,-200
300314,-200,-200
300315,-200,-200
300316,-200,-200
300317,-200,-200
300318,-200,-200
300319,-200,-200
300320,-200,-200
300321,-200,-200
300322,-200,-200
300323,-200,-200
300324,-200,-200
300325,-200,-200
300326,-200,-200
300327,-200,-200
300328,-200,-200
300329,-200,-200
300330,-200,-200
300331,-200,-200
300332,-200,-200
300333,-200,-200
300334,-200,-200
300335,-200,-200
300336,-200,-200
300337,-200,-200
300338,-200,-200
300339,-200,-200
300340,-200,-200
300341,-200,-200
300342,-200,-200
300343,-200,-200
300344,-200,-200
300345,-200,-200
300346,-200,-200
300347,-200,-200
300348,-200,-200
300349,-200,-200
300350,-200,-200
300351,-200,-200
300352,-200,-200
300353,-200,-200
300354,-200,-200
300355,-200,-200
300356,-200,-200
300357,-200,-200
300358,-200,-200
300359,-200,-200
300360,-200,-200
300362,-200,-200
300363,-200,-200
300364,-200,-200
300365,-200,-200
300366,-200,-200
300367,-200,-200
300368,-200,-200
300369,-200,-200
300370,-200,-200
300371,-200,-200
300372,-200,-200
300373,-200,-200
300374,-200,-200
300375,-200,-200
300376,-200,-200
300377,-200,-200
300378,-200,-200
300379,-200,-200
300380,-200,-200
300381,-200,-200
300382,-200,-200
300383,-200,-200
300384,-200,-200
300385,-200,-200
300386,-200,-200
300387,-200,-200
300388,-200,-200
300389,-200,-200
300390,-200,-200
300391,-200,-200
300392,-200,-200
300393,-200,-200
300394,-200,-200
300395,-200,-200
300396,-200,-200
300397,-200,-200
300398,-200,-200
300399,-200,-200
300400,-200,-200
300401,-200,-200
300402,-200,-200
300403,-200,-200
300404,-200,-200
300405,-200,-200
300406,-200,-200
300407,-200,-200
300408,-200,-200
300409,-200,-200
300410,-200,-200
300411,-200,-200
300412,-200,-200
300413,-200,-200
300414,-200,-200
300415,-200,-200
300416,-200,-200
300417,-200,-200
300418,-200,-200
300419,-200,-200
300420,-200,-200
300421,-200,-200
300422,-200,-200
300423,-200,-200
300424,-200,-200
300425,-200,-200
300426,-200,-200
300427,-200,-200
300428,-200,-200
300429,-200,-200
300430,-200,-200
300431,-200,-200
300432,-200,-200
300433,-200,-200
300434,-200,-200
300435,-200,-200
300436,-200,-200
300437,-200,-200
300438,-200,-200
300439,-200,-200
300440,-200,-200
300441,-200,-200
300442,-200,-200
300443,-200,-200
300444,-200,-200
300445,-200,-200
300446,-200,-200
300447,-200,-200
300448,-200,-200
300449,-200,-200
300450,-200,-200
300451,-200,-200
300452,-200,-200
300453,-200,-200
300455,-200,-200
300456,-200,-200
300457,-200,-200
300458,-200,-200
300459,-200,-200
300460,-200,-200
300461,-200,-200
300462,-200,-200
300463,-200,-200
300464,-200,-200
300465,-200,-200
300466,-200,-200
300467,-200,-200
300468,-200,-200
300469,-200,-200
300470,-200,-200
300471,-200,-200
300472,-200,-200
300473,-200,-200
300475,-200,-200
300476,-200,-200
300477,-200,-200
300478,-200,-200
300479,-200,-200
300480,-200,-200
300481,-200,-200
300482,-200,-200
300483,-200,-200
300485,-200,-200
300486,-200,-200
300487,-200,-200
300488,-200,-200
300489,-200,-200
600000,-13.0123,-5.8967
600004,-17.4772,-8.4884
600005,-30.0242,-5.7413
600006,-27.8161,-11.0564
600007,1.3333,-10.8709
600008,-7.6377,-14.9083
600009,-3.6387,-6.3422
600010,-48.1108,10.4485
600011,2.2945,-1.3797
600012,-20.0382,-8.2530
600015,4.3680,-12.3762
600016,2.9720,3.9547
600017,-34.7826,0.0000
600018,-31.3984,-4.6455
600019,-18.2125,-10.8701
600020,-19.1652,-11.5789
600021,-17.8819,35.1323
600022,-27.0613,33.4262
600023,-200,-200
600026,-29.1866,-10.5506
600027,-1.5106,-7.7562
600028,-10.5499,-2.5496
600029,-38.7597,-2.3632
600030,-24.6118,-2.9791
600031,-29.7479,-2.5848
600033,-23.9358,-4.4818
600035,-27.4048,-12.9326
600036,-8.1269,-6.2039
600037,-19.6177,-17.2644
600038,-33.7776,-1.9688
600039,-34.3650,0.1058
600048,-5.5713,10.4186
600050,1.4682,-7.9780
600051,-36.3307,-0.5842
600052,-22.2727,-12.6609
600053,-26.7990,-7.1591
600054,-9.2853,-12.8812
600055,-20.9283,-8.8934
600056,-16.7421,24.9562
600057,-200,-200
600058,-35.3878,-3.5996
600059,1.7442,-12.3355
600060,-9.7264,2.9202
600061,-45.4894,-11.7258
600062,-36.1835,0.1994
600063,-29.5941,0.4223
600064,-33.4562,-12.2812
600066,3.5902,-5.5222
600067,-32.7072,-0.5722
600068,-34.6350,2.0890
600069,-36.2105,-11.3106
600070,-24.1379,-17.2222
600071,-34.2644,-13.2540
600072,-40.7592,16.8113
600073,-21.6667,-7.6728
600074,-38.5093,4.9505
600075,-25.2568,-7.9787
600076,-38.9632,-2.8391
600077,-12.9712,-1.6199
600078,-31.5217,1.8875
600079,-11.3208,3.8031
600080,-4.4413,-13.0967
600081,-34.0131,-23.0022
600082,-38.1651,-14.4172
600083,-41.7112,-4.7441
600084,-33.9529,-5.1522
600085,-0.1506,3.2970
600086,-33.3162,-18.4178
600088,16.8640,-14.9098
600089,-39.7647,-16.4852
600090,-40.0986,-10.5155
600091,-41.9872,-2.2890
600093,-30.0787,-4.7552
600094,-200,-200
600095,-46.8619,-9.1985
600096,-23.3224,-14.4983
600097,-25.6896,3.1157
600098,1.7673,-5.3908
600099,-47.1047,-4.9467
600100,-15.3032,-17.3248
600101,-45.6707,-1.3500
600103,-23.7864,8.9744
600104,-23.5684,2.0114
600105,-45.4539,-27.1573
600106,-22.2346,-2.3991
600107,-54.5393,25.2657
600108,-18.3333,-8.8060
600109,-31.0153,-5.5046
600110,-39.5899,-20.1465
600111,-46.9327,21.7449
600112,-50.4868,13.2805
600113,-41.8043,12.2392
600114,-39.9212,29.5562
600115,-27.2031,-17.4400
600116,-25.2169,-6.0751
600117,-36.5497,2.3092
600118,-8.0252,-4.2637
600119,-30.4117,-8.9729
600120,-15.9198,-3.7288
600121,1.2621,-9.4799
600122,-32.2528,-17.4762
600123,-4.7759,13.0076
600125,-8.2097,-14.9278
600126,-24.1905,-5.1861
600127,-39.1858,-5.8893
600128,-38.3770,7.1475
600129,-27.1226,-6.8330
600130,-38.4444,-10.5469
600131,-47.2425,8.4091
600132,-50.3144,-15.6135
600133,0.0000,-10.5799
600135,-40.2329,-3.6608
600136,-29.9345,-17.8300
600137,-27.7332,0.3060
600138,20.2547,-12.9074
600139,-42.4895,-8.5509
600141,-17.1595,-6.8745
600143,-19.1875,-7.5086
600145,-27.9268,-24.1748
600146,-57.1817,-33.1885
600148,-36.8098,-10.3261
600149,-29.7214,7.8859
600150,-43.0384,-5.6238
600151,-35.2518,-19.6604
600152,-41.2238,57.7490
600153,-24.2712,4.8578
600155,-38.0719,30.0578
600156,-42.1439,9.4463
600157,-10.5490,-2.3404
600158,-10.6858,-9.8104
600159,-21.4781,-16.2214
600160,-35.9834,28.5543
600161,-3.8278,-16.4956
600162,2.0243,-6.1494
600163,18.3158,-11.1111
600165,-17.2113,3.7037
600166,-32.0468,-23.9369
600167,-45.1133,33.5201
600168,-16.2393,-3.4102
600169,-43.5516,-17.0617
600170,-43.1046,-8.4884
600171,-35.6941,-11.1521
600172,-32.9131,11.6690
600173,-29.5539,-13.4331
600175,-34.3826,-15.2935
600176,-56.5159,-5.9415
600177,-1.0549,-10.5242
600178,-36.4669,-16.4304
600179,-61.6152,-10.3050
600180,-9.8398,-16.9524
600182,-25.2688,-4.9762
600183,-20.0443,-16.7257
600184,-22.0436,-15.0847
600185,-37.4248,4.5455
600186,-35.9848,-3.9286
600187,-23.3666,-16.1006
600188,-34.5895,5.7905
600189,-27.2015,-14.7881
600190,-24.3678,-6.9407
600191,-15.3285,-6.0160
600192,-13.7973,-16.4000
600193,-18.4615,-0.8380
600195,-23.5787,-1.8603
600196,-17.0823,-7.2526
600197,-26.1964,-10.3107
600198,-39.4813,-15.4214
600199,-10.5642,-3.5314
600200,-25.4098,-4.5469
600201,-10.7704,-2.0954
600202,-30.6306,-20.5527
600203,-34.7767,-4.5977
600206,-37.0651,-11.3786
600207,-42.5703,-9.3190
600208,-32.1184,13.6924
600209,-37.4415,-2.8486
600210,-30.0448,-4.3087
600211,-28.4083,-9.3390
600212,-31.9444,0.5814
600213,-40.0169,-20.9332
600215,-30.1794,-16.0000
600216,-36.6359,-11.2238
600217,-55.5228,-11.1255
600218,-11.2310,-23.4083
600219,-31.6415,-7.8698
600220,-43.0000,-1.6423
600221,-36.4539,-12.2664
600222,-23.2520,-11.1111
600223,-42.2744,-3.3058
600225,-37.6045,-6.0489
600226,-18.8108,-13.1171
600227,-38.0952,-9.8712
600228,-26.1984,-26.7050
600229,-42.5832,50.2283
600230,-38.1546,-14.5708
600231,-39.4708,-11.9394
600232,-23.3542,-4.3057
600233,-43.2570,-3.5877
600234,-40.3252,-3.8323
600235,-27.9597,-15.2212
600236,-29.8148,-6.5404
600237,-33.5476,-1.1180
600238,-26.6341,-5.7786
600239,-48.0645,-1.1893
600240,-27.9227,48.6301
600241,-33.8392,-13.2924
600242,-26.7442,10.8614
600243,-44.1300,-18.5408
600246,-34.9593,-13.5702
600247,-39.0358,-19.5092
600248,-33.2039,-16.0728
600249,-32.5419,-15.5374
600250,-37.2535,-15.0982
600251,-43.2178,32.8352
600252,-42.5946,21.1371
600255,-39.8039,-18.6780
600256,-12.4628,3.5233
600257,-24.5763,-4.8808
600258,-28.3105,-20.4099
600259,-47.2833,-2.3356
600260,-18.3308,-7.7975
600261,-7.9102,-10.3341
600262,-32.5948,9.2698
600265,-40.4920,-8.0103
600266,-14.7544,1.0681
600267,-13.1730,6.9919
600268,-41.9025,0.3345
600269,-16.9289,-14.6691
600270,-27.8186,-15.7007
600271,-21.9953,3.6283
600272,-17.3263,24.2236
600273,-1.7680,-31.6995
600275,9.7046,-18.0579
600276,-0.6077,-1.9805
600277,-36.9004,-2.9931
600278,-31.0674,-6.9470
600279,-31.6418,-17.4100
600280,0.1200,20.0000
600281,-50.9948,-17.6572
600282,-25.9834,1.7722
600283,-34.2270,-1.7341
600284,-43.5056,-19.7835
600285,-27.2258,12.0748
600287,-34.3750,-15.2534
600288,-41.7572,-11.1304
600289,-22.5880,-26.4990
600290,-49.1301,-1.3127
600291,-47.3127,4.7049
600292,-17.4719,-7.5730
600293,-45.2672,-1.0456
600295,-36.3783,-9.1973
600297,-39.5299,-22.2591
600298,-11.4956,-1.4042
600299,-41.8440,-0.8648
600300,-24.6575,-9.2916
600301,-45.1705,-13.3011
600302,-24.6719,-7.6281
600303,-17.0616,-12.5145
600305,-30.4135,-13.4752
600306,-30.6786,13.2569
600307,-30.7551,-7.5503
600308,-35.7040,4.1195
600309,-29.2375,-0.4456
600310,-28.5242,-4.1946
600311,-40.1961,-17.0552
600312,-16.8327,-18.6441
600313,-200,-200
600315,-7.5651,0.0021
600316,-47.2269,-2.5106
600317,-33.9100,-9.5016
600318,-41.9566,-2.7685
600319,-40.1392,12.9560
600320,-29.1101,-12.0690
600321,-38.4501,-5.8728
600322,-38.9734,-11.5308
600323,-25.0084,-16.1818
600325,-33.1793,-5.6309
600326,-42.2516,-19.0129
600327,-21.7768,-18.0357
600328,-28.2326,-14.1337
600329,-20.6226,-8.3270
600330,-39.7902,-28.1410
600331,-37.1126,-19.0731
600332,-15.5707,-17.7176
600333,-27.5053,-13.4761
600335,-7.1995,4.8225
600336,-41.0714,-14.3513
600337,-25.5393,12.3863
600338,-52.5802,0.0000
600339,-46.7328,4.7690
600340,62.6140,78.1478
600343,-44.9169,-11.2788
600345,-23.1114,-12.8305
600346,-37.1596,5.9597
600348,-35.7617,-5.6322
600350,-21.6545,-10.4722
600351,-20.5542,-13.0286
600352,-39.0841,-13.5788
600353,-29.3847,30.1958
600354,-10.0172,-13.4635
600355,-34.6093,-5.6296
600356,-29.0516,-11.3172
600358,-27.5472,-10.2694
600359,-45.9237,-12.7660
600360,-33.5526,-17.8452
600361,-35.8708,-9.0355
600362,-34.9755,-8.3655
600363,-48.0366,-8.9494
600365,-49.4459,-9.7372
600366,-3.1352,-12.4335
600367,-29.9943,-25.6494
600368,-32.5858,-2.0692
600369,-23.2824,0.0000
600370,-32.0988,-2.8958
600371,51.4511,-6.3623
600372,-42.1203,0.8219
600373,15.9605,-23.6745
600375,-49.0243,-14.4593
600376,-25.8314,-1.0399
600377,6.5543,-14.7060
600378,-26.5613,-22.4939
600379,-20.1326,-15.0685
600380,-35.1974,-24.1351
600381,-9.6195,10.9966
600382,-29.3478,-7.5520
600383,-20.8000,-2.3922
600385,-37.1817,-8.7156
600386,-17.3423,-8.1950
600387,-28.6719,8.8762
600388,-12.8865,-6.7129
600389,-37.7609,-15.9937
600390,-34.2428,-27.0692
600391,-30.5711,-1.9516
600392,-58.0339,0.0814
600393,-39.7163,2.6989
600395,-35.4451,-3.9955
600396,-19.5599,-7.9090
600397,-20.8153,5.7644
600398,-30.6542,-16.4027
600399,-41.6787,0.2642
600400,-43.7500,3.3268
600401,-200,-200
600403,-20.7505,-2.2155
600405,-12.9424,-18.1895
600406,-13.6213,8.1731
600408,-43.4844,15.0470
600409,-36.3303,16.0950
600410,-29.5833,-3.0878
600415,-35.0456,-19.7348
600416,-41.7936,-15.8769
600418,-45.9165,-13.2387
600419,-33.7391,-9.1972
600420,-26.1458,-16.4015
600421,-40.0974,-0.4815
600422,32.0000,-11.7069
600423,-27.8912,-11.8371
600425,-42.6150,-13.1338
600426,-32.2341,9.2949
600428,-42.4800,-9.4578
600429,-31.0526,1.9685
600432,-43.6054,-22.6754
600433,-8.9267,4.9426
600435,-38.3117,-7.7835
600436,18.7380,5.7131
600438,-34.9413,-18.5417
600439,-38.4259,-4.7226
600444,-45.2399,-9.5238
600446,-3.8291,-14.5150
600448,-44.6400,-11.8056
600449,-42.8986,-11.6952
600452,-28.9705,-1.6654
600455,-200,-200
600456,-33.3089,-10.1946
600458,-42.1522,-21.8210
600459,-29.9871,-24.2871
600460,-46.9461,-14.8866
600461,-21.5592,-6.7784
600462,-36.0390,10.5357
600463,-30.2557,-8.0639
600466,-46.2075,59.3958
600467,-21.4953,-2.3217
600468,-37.8151,-25.2280
600469,-34.4929,3.8894
600470,-18.5484,0.9220
600475,-30.3485,-20.5416
600476,-39.5254,-8.6384
600477,-26.2972,-8.6639
600478,-23.2237,-19.8931
600479,-12.4481,-17.5284
600480,-38.6466,-18.9542
600481,-48.6072,-0.5084
600482,-46.5993,-0.4473
600483,-33.2918,-6.4252
600485,-29.2522,-18.5024
600486,-32.0930,-20.1415
600487,-39.1892,-12.7794
600488,-30.9252,-13.1080
600489,-34.6154,-2.4474
600490,8.5678,46.2098
600491,-12.5786,-1.9015
600493,-31.0520,9.9145
600495,-33.2132,-9.2818
600496,-33.6059,-8.6108
600497,-39.2940,-19.2370
600498,7.5348,-23.3236
600499,-42.7500,-20.1719
600500,-34.9287,-11.8967
600501,-25.6338,-12.6120
600502,-10.2273,31.2088
600503,-42.3421,38.8113
600505,-25.1689,1.7945
600506,-41.8662,5.8109
600507,-34.2954,-11.5328
600508,-21.4016,-8.5854
600509,-25.0480,-12.6613
600510,-45.1782,-11.9790
600511,-20.2262,-26.9458
600512,-40.9639,3.6059
600513,-25.9067,-12.0011
600515,-43.1010,2.2130
600516,-31.5625,-11.9303
600517,25.4049,-20.5874
600518,-14.5468,-7.1787
600519,1.9008,18.4835
600520,-22.3868,-15.4770
600521,-22.2065,8.5387
600522,-32.4313,-9.7370
600523,-48.2447,-19.8041
600525,-13.1387,-24.7497
600526,-3.9658,-18.3417
600527,-27.9167,-10.7507
600528,-43.1373,-13.7622
600529,-4.5666,-18.8363
600530,-33.1937,-15.7547
600531,-34.4440,-24.2207
600532,-40.8471,43.7181
600533,-35.1779,-5.9151
600535,3.6836,15.1267
600536,-21.8911,-2.8697
600537,-42.5050,-30.0649
600538,-23.0422,-4.4160
600539,-69.1228,7.2560
600540,-23.6870,-10.0316
600543,-12.6938,-13.4831
600545,-41.5669,-15.3536
600546,-18.7605,9.0904
600547,-36.6860,-13.1808
600548,-13.6161,-12.2271
600549,-27.7223,-18.6168
600550,-36.3319,-16.9159
600551,0.2564,-7.5633
600552,-12.0624,-1.8060
600555,-23.7805,-11.0320
600556,-200,-200
600557,7.3723,-7.8241
600558,-33.2145,-16.3446
600559,-25.2119,-6.5246
600560,-5.8292,-11.5581
600561,-23.5504,-9.3257
600562,-32.2674,-11.2065
600563,-27.3923,-14.2477
600565,-34.7648,-2.7413
600566,-40.5599,-12.3064
600567,-32.4380,-12.0688
600568,28.8778,9.8284
600569,-26.5896,-6.1224
600570,-13.5593,-8.0150
600571,-30.3056,3.6894
600572,-49.8937,40.1493
600573,-30.3030,-16.6919
600575,-6.0000,-8.0379
600576,-45.6202,-34.6903
600577,-9.0551,-15.7595
600578,-9.1300,-7.5973
600579,-51.6556,13.3663
600580,-38.6391,-13.6996
600581,-50.1024,1.9124
600582,-15.0032,-7.7629
600583,-13.7931,-25.3521
600584,-34.4527,-19.3268
600585,-42.3148,3.3386
600586,-41.5233,8.0519
600587,-1.9247,24.0884
600588,-12.0664,4.6196
600589,-35.6380,-7.8565
600590,-35.9432,-14.8148
600592,-32.8361,-15.0705
600593,6.2010,-21.0381
600594,-7.5482,-2.4855
600595,-41.6162,-15.2242
600596,-37.4398,-19.3130
600597,13.5787,-19.1289
600598,-36.8638,-1.5615
600599,-26.6285,-10.3535
600600,-0.4319,8.5888
600601,-23.1242,-14.0476
600602,-31.3846,-12.4668
600603,13.2282,-2.0737
600604,8.8567,-9.7983
600605,-40.8980,-8.3151
600606,-27.1429,-9.1027
600608,-39.2581,-8.8732
600609,-44.5396,-4.0650
600610,-24.9717,-25.6892
600611,-23.8166,-11.4178
600612,2.4766,23.6299
600613,-31.2553,-9.7761
600614,-30.8795,1.7926
600615,-31.0881,0.2976
600616,-14.5852,-7.3801
600617,-7.3590,-9.5097
600618,-46.4532,85.7143
600619,-37.0338,32.3529
600620,-41.7883,-11.8591
600621,-37.0803,-13.6023
600622,-29.2176,-13.1846
600623,-34.6737,-5.4445
600624,-30.7692,-9.8655
600626,-30.7241,-11.0158
600628,-24.5170,-13.2697
600629,-47.3718,-12.0739
600630,-34.6667,-8.4541
600633,-200,-200
600634,-200,-200
600635,-20.8872,-13.1462
600636,-41.9483,47.7890
600637,22.5570,-5.7576
600638,-25.6506,5.8635
600639,-28.2011,-5.1961
600640,-40.5450,-20.1211
600641,-48.5844,20.3105
600642,-8.5657,-2.7187
600643,-39.4513,20.9862
600644,-41.1056,-17.1980
600645,13.1017,29.6696
600647,-32.9856,-2.4337
600648,-31.2915,2.5042
600649,-24.2944,-1.5700
600650,-13.6866,-14.7306
600651,-32.3469,-16.9606
600652,-40.7143,28.1392
600653,-26.2687,-0.5602
600654,-37.7612,-11.6429
600655,-21.9782,-8.8555
600656,-60.9568,33.5630
600657,-40.4153,-3.2401
600658,-36.3007,-5.3037
600660,-20.5154,-13.1535
600661,-36.5139,-4.6332
600662,-34.1426,-12.4236
600663,-19.6454,-18.4634
600664,-36.3330,-18.8175
600665,-29.7030,-2.0833
600666,-29.0722,12.1362
600667,-33.3386,-11.1111
600668,-31.3211,10.0346
600671,-26.0672,-10.7056
600673,-51.1628,-14.7249
600674,-21.3174,-10.5787
600675,-44.8225,-7.7603
600676,-31.8612,-11.5434
600677,-36.6782,-9.5890
600678,8.8586,-3.4426
600679,-42.4069,-22.1239
600680,-17.9808,-14.4559
600681,-200,-200
600682,-33.4919,6.7760
600683,-43.4940,-0.8092
600684,-29.6645,18.1667
600685,-36.2665,-3.6649
600686,-17.5701,-16.8316
600687,0.0000,11.2421
600688,-31.8479,-1.2528
600689,-40.8299,-12.7629
600690,-35.8306,-1.8459
600691,-21.8679,-8.2001
600692,-36.8862,6.5134
600693,-19.2037,-9.1919
600694,-12.6738,-5.9793
600695,-40.1639,18.5734
600696,-2.9364,-12.9487
600697,-1.4087,2.6093
600698,-31.9066,-12.8814
600699,-20.1597,-7.0374
600701,-37.7698,-11.6427
600702,-18.0192,6.8683
600703,-32.0274,-15.6662
600704,-30.3899,7.4249
600705,-200,-200
600706,-22.7586,-5.5448
600707,-48.0972,-23.8184
600708,-36.5782,-7.3115
600710,-41.4953,-5.7745
600711,-23.0313,-6.3953
600712,-23.5165,-5.8824
600713,-41.2161,2.5463
600714,-30.1440,69.4316
600715,-41.0824,-31.0575
600716,-24.1379,-2.5245
600717,-25.4926,-2.4706
600718,-27.5156,-13.9202
600719,-45.6401,3.6115
600720,-49.3091,-19.1091
600721,-49.7396,47.4696
600722,-34.7143,-4.9664
600723,-21.0994,-2.3511
600724,-27.8161,18.4073
600725,-44.3593,-11.3816
600726,-23.3236,-1.6949
600727,-200,-200
600728,-40.4173,1.0687
600729,-23.9524,7.9094
600730,-35.5856,-22.8400
600731,-32.3963,-13.1730
600732,-37.0817,10.9312
600733,-30.8149,-2.5184
600734,-37.3913,-0.7005
600735,-33.6380,-3.1524
600736,-29.8722,-6.2254
600737,-40.7882,-8.3186
600738,-34.0782,-6.8020
600739,-32.4274,-9.2850
600740,-43.2535,43.0335
600741,-15.7416,-9.5279
600742,-30.9843,-11.6017
600743,-29.7917,-6.3131
600744,-18.2232,-14.5594
600745,-31.4286,-16.3188
600746,-33.1010,-3.0735
600747,-39.7226,9.6561
600748,-28.5914,-11.6849
600749,-25.1632,-13.1677
600750,19.6370,-11.0045
600751,-30.7246,-19.2397
600753,-37.9233,-3.8420
600754,2.2581,-11.8976
600755,-35.0930,-4.0484
600756,-20.8514,-2.6969
600757,-6.3095,-25.0000
600758,-40.5925,20.4461
600759,27.4286,-13.2166
600760,-35.8594,-16.6667
600761,-29.8898,-7.4469
600763,25.8507,-8.1501
600764,-35.8343,-2.8752
600765,-39.3220,-25.6354
600766,2.5943,-1.0787
600767,-30.6273,2.7422
600768,-37.1835,16.5911
600769,-54.2324,9.3750
600770,-15.6250,-12.6866
600771,-41.3662,24.7375
600773,-53.0021,5.5382
600774,-37.4858,-11.2326
600775,-27.0977,-9.9265
600776,-24.2511,-3.6543
600777,-36.0568,-3.4539
600778,-19.4005,2.9573
600779,-6.0241,-3.4264
600780,-5.9880,17.2881
600781,1.7227,-10.5183
600782,-31.0210,8.5374
600783,-26.9558,33.2253
600784,-35.0789,31.7928
600785,-13.4572,5.0819
600787,-17.1134,3.3677
600789,-39.3078,-2.0335
600790,-27.9188,-19.4831
600791,-16.9811,-1.7628
600792,-19.3809,24.8500
600793,42.0860,0.9042
600794,-10.6449,-3.5937
600795,-5.4237,-0.3266
600796,-21.8824,-14.1906
600797,-29.5260,3.9829
600798,-32.7434,-9.4866
600800,-48.6088,-12.7479
600801,-49.7830,2.2574
600802,-33.9480,28.9195
600803,-17.0638,-2.0634
600804,-25.8929,-2.9484
600805,-15.6486,-9.6779
600806,-48.3478,-6.5150
600807,-27.7014,34.7350
600808,-26.6484,-7.4866
600809,-9.2164,15.5824
600810,-47.6804,39.8998
600811,-20.2035,-10.2015
600812,-43.1579,-12.9545
600814,-19.3989,-13.0233
600815,-44.2781,-8.5893
600816,-31.4824,45.0000
600817,-200,-200
600818,-33.1126,-20.7218
600819,-26.1849,-20.7842
600820,-23.8785,-7.0374
600821,-39.2912,-11.2882
600822,-31.8584,-13.8624
600823,-26.5636,-6.9401
600824,-16.6113,-11.9959
600825,-14.3507,-18.0072
600826,-7.4074,-18.3087
600827,-32.6023,2.6332
600828,-30.3231,-6.4069
600829,-14.8457,-12.6543
600830,-32.8467,-19.6993
600831,-4.2186,-5.8563
600833,-20.9631,-2.9257
600834,-37.0332,-6.9053
600835,-31.9313,-10.7577
600836,-33.7958,-16.7084
600837,-15.7955,-8.5230
600838,-36.1111,8.7231
600839,-35.3474,0.3606
600841,-21.7420,-10.2458
600843,-41.2458,-20.0397
600844,-30.7826,15.8344
600845,-16.8101,-10.5432
600846,-27.2879,-9.3750
600847,22.7860,-19.7122
600848,-33.9806,-13.5843
600850,16.4027,-20.5337
600851,-35.3299,-20.7668
600853,-30.6075,-8.0250
600854,-42.9712,-10.3152
600855,-31.0044,-10.8833
600856,-35.1702,-9.2754
600857,-2.3069,4.6967
600858,-3.1111,-2.1432
600859,-18.4987,-2.0634
600860,-40.1773,-9.9741
600861,-28.1603,-10.3115
600862,-32.7843,1.3678
600863,-2.6964,-10.5799
600864,-34.1430,10.6205
600865,-24.4318,-14.1487
600866,-45.4012,-22.2306
600867,0.9650,-13.2436
600868,-42.7762,5.3412
600869,-37.5000,-15.3239
600870,-29.3381,-34.8571
600871,-22.2103,-8.5605
600872,-37.7612,-19.6970
600873,-36.0000,-8.4982
600874,-0.0793,-12.9815
600875,-9.0157,-5.1945
600876,-45.1376,45.0255
600877,-48.1481,-10.0331
600879,-31.7539,-10.7196
600880,-8.7564,-15.2885
600881,-41.2751,6.8288
600882,-50.2890,40.3162
600883,-24.7181,-7.4620
600884,-31.4350,-14.4127
600885,3.8462,-14.0995
600886,-17.6190,-3.6290
600887,23.2951,0.0868
600888,-39.4915,-2.8050
600889,-47.2482,-5.8498
600890,-49.0818,-3.5032
600891,-41.5430,8.1395
600892,-39.3258,-5.1552
600893,-19.6809,4.1570
600894,-29.2831,12.5000
600895,-27.3599,-14.2478
600896,-30.5410,-12.8784
600897,-13.8483,-10.5641
600898,-200,-200
600900,-11.5438,-6.6960
600917,-200,-200
600958,-200,-200
600959,-200,-200
600960,-36.1152,-18.5927
600961,-44.2156,-25.2655
600962,-39.6074,7.1911
600963,-44.4840,-15.7447
600965,-19.5622,8.0175
600966,-28.1037,-4.1751
600967,-2.3837,12.8511
600969,-18.2661,-0.2210
600970,-39.8674,-25.0015
600971,-24.0341,7.4874
600973,-27.6780,-26.4256
600975,-40.3888,27.5576
600976,-20.0952,-3.0461
600978,-33.4532,-7.0489
600979,-37.0523,11.9088
600980,-30.0981,-26.9119
600981,-40.0000,0.0180
600982,-17.7152,-5.8257
600983,-39.0201,-12.5165
600984,-43.0034,-6.7850
600985,-6.7729,-11.9890
600986,-41.8637,-18.3628
600987,-23.3926,-12.2286
600988,-10.7105,-14.7085
600990,-45.4229,-16.4520
600992,-25.2049,-9.9878
600993,-8.5185,-3.1520
600995,-35.9551,-16.4376
600997,-29.2249,-14.9293
600998,-14.2031,-11.1123
600999,-25.2675,-0.1076
601000,-17.8191,2.2011
601001,-26.2531,-11.9350
601002,-47.1034,-16.9482
601003,-31.2418,-5.7554
601005,-30.0242,3.4739
601006,-6.8664,-1.2576
601007,-25.9993,-10.8341
601008,-56.1866,29.5143
601009,4.5045,-16.7015
601010,-10.0175,-0.8724
601011,-27.2519,-24.4655
601012,-200,-200
601015,-200,-200
601016,-200,-200
601018,-23.6486,-2.4390
601021,-200,-200
601028,-36.3293,-200
601038,-200,-200
601058,-26.9461,9.9800
601069,-200,-200
601088,-13.6673,9.1219
601098,-3.8298,-13.7586
601099,-28.0983,-17.0062
601100,-29.7309,-200
601101,-38.3165,37.6025
601106,-34.0249,-11.3283
601107,-37.5899,-12.8457
601111,-33.0179,-11.8570
601113,-30.2194,6.5574
601116,-28.4810,-14.1632
601117,-35.8814,16.9737
601118,-43.0182,-1.2146
601126,-12.2460,-18.3997
601137,-25.4554,-17.5511
601139,7.8641,-6.7667
601158,-26.7966,-5.6069
601166,-6.2874,-15.1204
601168,-34.5213,-17.7568
601169,-6.1678,-15.1986
601177,-34.7738,1.9836
601179,-38.1271,-15.9565
601186,-36.7183,-12.8093
601188,-29.0496,2.2161
601198,-200,-200
601199,-8.4469,-18.3206
601208,-11.5934,0.0000
601211,-200,-200
601216,-24.8832,-9.0569
601218,-39.3209,-6.4096
601222,-51.7979,-200
601225,-200,-200
601226,-200,-200
601231,-200,-200
601233,-9.3579,-8.2127
601238,-200,-200
601258,-47.0375,-13.5338
601288,-5.7554,1.2907
601311,5.3326,5.0712
601313,-200,-200
601318,-25.3912,-2.6688
601328,-10.0823,-2.8120
601333,-13.0864,18.4037
601336,5.4085,-200
601339,-200,-200
601368,-200,-200
601369,5.0412,-19.5030
601377,-44.6099,2.1923
601388,-200,-200
601390,-36.1054,-11.4094
601398,-4.9327,2.2098
601515,-200,-200
601518,-32.7177,7.8730
601519,-29.5793,-27.9630
601555,-10.6122,-200
601558,-45.7698,-17.7853
601566,1.9524,11.8139
601567,-27.0033,-1.7980
601579,-200,-200
601588,-23.5372,1.3889
601599,-32.4008,-8.9934
601600,-40.3244,-4.0457
601601,-10.2336,2.9772
601607,-33.4409,-13.9130
601608,-200,-200
601616,-26.3227,-13.6881
601618,-30.9994,-1.5038
601628,-3.9216,-9.3218
601633,1.0127,-200
601636,-50.4594,-200
601666,-23.2946,-7.5421
601668,-25.1928,10.7814
601669,-22.3909,-200
601677,-35.0493,-200
601678,-35.5670,-13.3950
601688,-35.1037,-10.5111
601689,-200,-200
601699,-34.8121,8.5063
601700,-34.8491,-12.2310
601717,-28.1620,-7.5578
601718,-23.5288,-3.6170
601727,-24.9646,-11.2965
601766,-38.7553,-2.0376
601777,-36.8322,-10.1794
601788,-25.4386,-6.4158
601789,-46.6607,-200
601798,0.6737,7.9084
601799,-34.3970,-17.3283
601800,-200,-200
601801,-24.5675,0.1957
601808,-17.7639,-18.5960
601818,-13.5135,-10.6030
601857,-8.1296,-7.4445
601866,-32.6870,-18.7919
601872,-23.9474,-9.4849
601877,-24.0139,-13.2517
601880,-33.6443,-1.7766
601886,-47.0209,-200
601888,13.7467,-8.8388
601890,-41.5042,-2.7332
601898,-7.2091,-4.1250
601899,-17.9455,-4.0736
601901,-25.5357,-200
601908,-53.7637,-200
601918,-7.2500,-10.3801
601919,-43.0657,-16.5760
601928,-29.5110,-200
601929,-200,-200
601933,26.6275,-13.5671
601939,-8.2828,3.3299
601958,-39.8202,-26.0594
601965,-200,-200
601968,-200,-200
601969,-200,-200
601985,-200,-200
601988,-7.3016,-1.3965
601989,-38.6186,2.6436
601991,-5.5581,-8.0592
601992,-45.9511,-2.6201
601996,-32.5775,-200
601998,-9.3807,-16.2257
601999,-9.7493,-13.4122
603000,-200,-200
603001,-200,-200
603002,-200,-200
603003,-200,-200
603005,-200,-200
603006,-200,-200
603008,-200,-200
603009,-200,-200
603010,-200,-200
603011,-200,-200
603012,-200,-200
603015,-200,-200
603017,-200,-200
603018,-200,-200
603019,-200,-200
603020,-200,-200
603021,-200,-200
603022,-200,-200
603023,-200,-200
603025,-200,-200
603026,-200,-200
603030,-200,-200
603066,-200,-200
603077,-200,-200
603085,-200,-200
603088,-200,-200
603099,-200,-200
603100,-200,-200
603108,-200,-200
603111,-200,-200
603116,-200,-200
603117,-200,-200
603118,-200,-200
603123,-200,-200
603126,-200,-200
603128,-200,-200
603158,-200,-200
603166,-200,-200
603167,-200,-200
603168,-200,-200
603169,-200,-200
603188,-200,-200
603198,-200,-200
603199,-200,-200
603222,-200,-200
603223,-200,-200
603227,-200,-200
603268,-200,-200
603288,-200,-200
603300,-200,-200
603306,-200,-200
603308,-200,-200
603309,-200,-200
603311,-200,-200
603315,-200,-200
603318,-200,-200
603328,-200,-200
603333,-200,-200
603338,-200,-200
603355,-200,-200
603366,-200,-200
603368,-200,-200
603369,-200,-200
603399,-200,-200
603456,-200,-200
603518,-200,-200
603519,-200,-200
603555,-200,-200
603558,-200,-200
603566,-200,-200
603567,-200,-200
603568,-200,-200
603588,-200,-200
603589,-200,-200
603598,-200,-200
603599,-200,-200
603600,-200,-200
603601,-200,-200
603606,-200,-200
603609,-200,-200
603611,-200,-200
603616,-200,-200
603618,-200,-200
603636,-200,-200
603669,-200,-200
603678,-200,-200
603686,-200,-200
603688,-200,-200
603698,-200,-200
603699,-200,-200
603703,-200,-200
603718,-200,-200
603729,-200,-200
603766,-200,-200
603788,-200,-200
603789,-200,-200
603799,-200,-200
603806,-200,-200
603808,-200,-200
603818,-200,-200
603828,-200,-200
603838,-200,-200
603869,-200,-200
603883,-200,-200
603885,-200,-200
603889,-200,-200
603898,-200,-200
603899,-200,-200
603901,-200,-200
603918,-200,-200
603939,-200,-200
603968,-200,-200
603969,-200,-200
603979,-200,-200
603988,-200,-200
603989,-200,-200
603993,-200,-200
603997,-200,-200
603998,-200,-200