000001,129.6842,-17.6810
000002,97.0562,-1.2251
000004,127.2472,-10.5528
000005,63.0350,-5.7034
000006,159.9961,-1.2024
000007,61.7647,-8.7324
000008,92.1700,9.6774
000009,185.0962,22.8395
000010,73.4496,17.2727
000011,123.8579,5.4201
000012,89.7094,-18.6603
000014,103.7139,26.4605
000016,52.3220,-1.8692
000017,0.0000,0.0000
000018,78.1327,-0.5000
000019,60.3738,-27.5960
000020,158.0645,-5.1383
000021,168.3764,-17.3653
000022,42.4242,-24.0000
000023,102.3077,-1.5504
000024,145.6525,-1.5754
000025,146.4191,-3.0534
000026,75.5694,-15.0613
000027,35.9318,-2.2837
000028,13.1300,30.2381
000029,96.5779,-13.3333
000030,133.9450,-27.0548
000031,123.2465,1.2658
000032,56.5823,-3.9400
000033,98.2578,1.0909
000034,181.2500,-1.0811
000035,114.4295,-5.9190
000036,144.5545,-16.7364
000037,64.5768,-23.1884
000038,-200,-200
000039,61.3136,-26.9729
000040,108.5714,-4.9180
000042,207.3494,-15.9712
000043,215.3061,-24.7692
000045,111.5910,12.2970
000046,238.1988,-3.1457
000048,94.1463,-18.8525
000049,49.1947,53.0233
000050,65.7051,-18.7831
000055,120.2864,-35.1133
000056,46.5232,50.7653
000058,152.8991,-9.4595
000059,62.9344,-12.3892
000060,166.6253,-25.2157
000061,23.1194,-4.6763
000062,121.7890,0.7299
000063,39.2783,-8.9082
000065,306.7776,11.5028
000066,222.3565,-5.9659
000068,95.3586,-15.9420
000069,163.1939,-14.5246
000070,84.7500,-2.7027
000078,215.8576,-0.9554
000088,55.4331,-19.4585
000089,41.4817,-22.6277
000090,158.8101,-18.1118
000096,83.7766,-16.8539
000099,116.1765,-6.8871
000100,41.8519,-9.0278
000150,115.3333,-20.3297
000151,140.2408,-13.8015
000153,82.9341,1.5106
000155,46.1174,-0.5226
000156,-200,-200
000157,94.0052,-23.9973
000158,81.5789,-14.8256
000159,72.1385,-11.7330
000166,-200,-200
000301,74.5882,-15.8416
000333,-200,-200
000338,103.5196,-26.0457
000400,34.3130,75.2000
000401,39.2533,29.9213
000402,83.5512,-12.5287
000403,-200,-200
000404,107.1207,-1.4793
000407,126.9811,-9.4617
000408,59.5238,-17.9959
000409,183.2192,-31.9149
000410,63.5593,-27.4096
000411,55.9611,-2.6699
000413,97.3684,6.9231
000415,68.3099,-38.6628
000416,110.2981,26.8041
000417,31.6600,4.6229
000418,95.9368,8.2126
000419,71.3413,-3.4121
000420,74.8918,-20.5674
000421,51.6320,-3.9106
000422,44.8189,-39.2296
000423,33.3829,-7.0888
000425,116.4042,-3.7748
000426,200.9231,-30.0668
000428,95.1555,-28.8435
000429,36.9393,-10.9785
000430,45.0122,-4.0189
000488,45.0094,-29.2985
000498,-200,-200
000501,118.8571,-16.3333
000502,43.8462,4.0761
000503,53.2151,-19.8113
000504,115.9375,-3.5032
000505,33.0508,30.0752
000506,-200,-200
000507,99.5923,-7.8049
000509,140.2597,-2.8939
000510,116.0305,-6.5693
000511,72.9730,-8.4806
000513,56.7314,14.3421
000514,223.0835,-2.6071
000516,129.8232,11.8314
000517,-200,-200
000518,77.9279,-18.4211
000519,143.7736,-3.0303
000520,25.8055,-11.9149
000521,89.7516,7.0000
000523,81.3953,6.9364
000524,90.0232,24.8466
000525,31.4523,54.2079
000526,119.4737,-13.8829
000528,105.8923,-41.7846
000529,-200,-200
000530,83.0780,-7.2407
000531,150.3846,-0.9434
000532,77.5244,-5.0903
000533,113.9159,0.9494
000534,102.4877,-6.6092
000536,191.5114,0.0000
000537,214.0845,-17.9191
000538,1.7907,12.5245
000539,14.6580,6.0345
000540,395.5485,-41.1625
000541,93.2226,-19.8630
000543,90.4077,-18.7008
000544,49.5868,-6.2003
000545,37.9104,-51.3575
000546,32.6761,118.4615
000547,66.6667,-16.2476
000548,113.2568,-10.9974
000550,72.8469,-19.2308
000551,47.1460,-9.7363
000552,215.0831,-21.4400
000553,54.8224,-11.7355
000554,51.9946,-20.9854
000555,83.1234,-15.9751
000557,106.4639,-50.3831
000558,97.8155,1.5625
000559,127.2415,-25.8993
000560,99.5798,-6.9307
000561,161.1247,-33.9117
000563,50.5199,-35.0999
000564,88.8199,-0.6250
000565,87.5698,-36.4717
000566,25.3819,23.8095
000567,120.7084,-10.3865
000568,61.1773,-30.0000
000570,171.6763,0.0000
000571,99.3569,-18.6992
000572,60.8696,-8.5044
000573,121.4953,-13.6929
000576,126.2626,-16.4671
000581,122.8566,-27.2198
000582,118.8707,10.5178
000584,88.0645,-19.7849
000585,68.8525,-2.0921
000586,45.0237,30.4918
000587,107.2581,27.6094
000589,111.6922,-10.2616
000590,59.1398,16.5865
000591,42.3554,2.9787
000592,75.1825,0.7547
000593,50.1241,-6.2016
000595,5.6552,-22.1692
000596,99.2966,-1.1933
000597,67.6114,24.8975
000598,127.4775,-28.8333
000599,115.8076,-26.7905
000600,38.4698,10.2045
000601,104.2553,-15.8537
000603,0.0000,0.0000
000605,53.1863,8.0556
000606,87.8519,-7.1240
000607,86.9091,-4.5052
000608,167.5824,-14.8148
000609,56.5657,-23.3635
000610,108.7349,-19.7044
000611,57.3034,10.2167
000612,64.8534,-33.5727
000613,121.4660,-10.2439
000615,156.6860,-6.9069
000616,182.9664,-4.3269
000617,146.0658,-13.5678
000619,76.4016,11.3586
000620,-200,-200
000622,-200,-200
000623,113.0290,-28.1538
000625,122.3307,-8.4788
000626,43.3121,-11.5460
000627,74.0525,-19.3548
000628,115.4696,1.4164
000629,-10.6127,14.0373
000630,211.0786,-17.7998
000631,-200,-200
000632,112.2363,-14.9635
000633,0.0000,0.0000
000635,62.6063,-28.4622
000636,130.2158,-20.6897
000637,38.2592,-3.2990
000638,-200,-200
000639,58.7013,-6.7901
000650,63.1894,10.1583
000651,65.3774,4.5161
000652,40.1501,-3.7906
000655,159.4567,-36.4058
000656,185.7506,10.3933
000657,144.9239,-19.2308
000659,33.2817,-1.8779
000661,81.7673,60.9929
000662,49.7297,-14.2857
000663,71.1297,-3.7113
000665,105.5172,-7.1895
000666,73.5714,-18.8060
000667,94.2857,0.2941
000668,-17.0923,0.0000
000669,100.2278,-20.3065
000670,-200,-200
000671,373.5296,26.3736
000672,-200,-200
000673,98.6111,3.4286
000676,114.0351,-2.6846
000677,94.6429,-12.5806
000678,117.6056,-13.7931
000679,177.6703,3.5185
000680,42.8045,-20.7941
000681,-200,-15.7509
000682,73.4082,-12.2034
000683,60.3252,-21.9822
000685,90.6907,-3.7663
000686,176.5422,-39.0157
000687,104.8611,-31.0777
000688,-200,-200
000690,37.2581,-5.3030
000691,123.3161,-5.8537
000692,114.4330,-21.9512
000693,-200,-200
000695,55.7303,-18.3398
000697,124.1477,-14.8718
000698,62.0905,-27.5523
000700,88.8112,-11.3208
000701,95.5381,-14.6172
000702,39.6122,-3.9106
000703,127.6978,-11.2957
000705,64.4345,2.8986
000707,35.6089,-25.7384
000708,71.8861,-27.6973
000709,90.7317,-18.9011
000710,81.6000,37.7049
000711,117.4603,-9.9256
000712,206.1728,1.9264
000713,12.9319,14.3698
000715,41.5042,-1.2535
000716,126.0700,-12.2807
000717,53.8462,-22.3881
000718,234.4438,-12.5637
000719,-200,-200
000720,98.3740,-19.6013
000721,62.4365,-0.2538
000722,191.3333,-31.5789
000723,50.0520,-13.2948
000725,81.7204,-16.4087
000726,39.3646,-14.1259
000727,77.1987,-7.0064
000728,69.8050,-45.0256
000729,14.7727,2.8016
000731,25.9050,18.3333
000732,-200,-200
000733,72.4138,-5.4054
000735,45.4248,-8.5366
000736,97.2059,-18.5139
000737,53.9846,-32.1252
000738,127.8049,2.3136
000739,127.1173,2.4631
000748,68.4535,-22.3301
000750,27.6163,0.0000
000751,106.5455,-27.5862
000752,150.5714,-9.7035
000753,98.6532,-4.2071
000755,58.4521,-27.8287
000756,63.7076,-3.8071
000757,-200,-200
000758,168.1332,-20.2899
000759,4.6587,-3.7871
000760,202.4823,2.9740
000761,90.9091,-24.3542
000762,212.4839,-14.4457
000766,88.9251,-14.1243
000767,65.2985,-24.7911
000768,82.0567,-6.0902
000776,0.0000,0.0000
000777,59.3581,34.2515
000778,49.2982,-10.5263
000779,57.7540,-13.3495
000780,173.9035,-9.6457
000782,72.8395,-15.6934
000783,99.6378,-49.5977
000785,81.7156,6.4904
000786,143.6976,-4.4681
000788,86.1635,-6.3098
000789,73.2892,-6.9672
000790,43.1856,29.6703
000791,72.8571,-18.1818
000792,-10.3519,-34.3879
000793,57.8637,-9.7633
000795,124.2754,-7.8767
000796,89.1803,-13.1579
000797,116.8168,-13.0319
000798,54.7431,-9.7786
000799,106.9930,-12.2549
000800,114.4444,5.5882
000801,76.3566,2.1825
000802,84.3137,-44.9449
000803,125.5952,-4.7619
000806,151.7857,-13.3065
000807,80.7007,-15.7303
000809,37.4502,-12.8725
000810,70.0913,-9.9585
000811,68.9076,-37.5145
000812,104.1509,-11.2245
000813,84.9265,-8.7838
000815,91.9643,-37.3016
000816,128.2332,12.9371
000818,137.7049,-39.2226
000819,32.1053,31.8300
000820,111.7647,-18.1185
000821,106.4639,-17.4603
000822,40.9543,-22.8346
000823,66.8203,-1.8059
000825,108.6957,-30.8936
000826,18.0749,13.5593
000828,51.6071,-11.0599
000829,86.7868,7.3482
000830,37.7717,-7.0130
000831,86.3850,-5.6738
000833,47.7064,-12.0521
000835,69.9813,-25.9446
000836,101.3277,19.4702
000837,53.3333,-31.8250
000838,117.3913,-34.4477
000839,148.1151,-36.0515
000848,1.2854,16.2637
000850,117.4320,-28.9199
000851,38.0000,15.7175
000852,80.3006,-9.5541
000856,120.5479,-23.3261
000858,43.9070,-20.1198
000859,110.4478,-16.0883
000860,6.7612,18.3190
000861,92.2588,2.4590
000862,101.6529,-17.6712
000863,-200,-200
000868,136.0465,-13.5593
000869,20.0434,-4.1123
000875,37.0031,-2.6866
000876,59.7201,-20.4261
000877,20.2576,41.9786
000878,158.4431,-38.0805
000880,140.1152,-17.5207
000881,54.2074,-7.5506
000882,84.4789,-2.9148
000883,78.7879,-13.8973
000885,93.6709,-1.1290
000886,77.0925,-12.4031
000887,81.0374,-41.0117
000888,68.7285,-5.6314
000889,28.7770,23.4940
000890,84.3866,-11.1486
000892,85.0598,-22.5309
000893,90.9910,20.5882
000895,7.7776,25.3818
000897,76.9777,-22.0812
000898,94.0268,-21.0227
000899,49.0431,28.7097
000900,58.2549,-25.4753
000901,99.2248,-17.6944
000902,86.4865,-3.4221
000903,94.8329,-16.8874
000905,60.0329,-2.6359
000906,109.8837,-2.3669
000908,94.0104,-13.3333
000909,89.5442,-4.6632
000910,108.5427,-19.3878
000911,102.0113,-16.5517
000912,34.0120,-4.3269
000913,93.4777,-5.9649
000915,60.4819,-16.2218
000916,58.1227,-18.1333
000917,14.9589,1.9652
000918,201.3208,0.0000
000919,64.7059,8.0000
000920,58.4687,-4.9774
000921,104.9793,-15.1079
000922,98.9041,15.9021
000923,72.7494,0.2506
000925,8.3370,0.0000
000926,116.9729,-8.3333
000927,83.4646,7.0225
000928,90.0744,-8.0460
000929,117.2485,-15.2542
000930,65.4070,-11.6216
000931,84.6626,-25.0000
000932,60.6137,-14.5794
000933,120.9802,-35.4680
000935,31.2977,10.0885
000936,104.5678,-16.0401
000937,161.3679,-37.1352
000938,47.5463,-6.6595
000939,86.7925,-19.3202
000948,62.0329,-3.8067
000949,85.0622,-17.0648
000950,53.7222,13.3714
000951,84.4136,-39.8582
000952,33.7940,-7.3563
000953,52.9412,19.5335
000955,32.7913,-33.5206
000957,81.8942,14.1479
000958,73.1629,-26.7303
000959,107.5862,-19.5531
000960,129.7613,-33.1918
000961,238.0457,20.8543
000962,91.6346,-19.9134
000963,18.0734,13.0115
000965,142.9850,13.3663
000966,89.6429,-12.7726
000967,66.6667,17.0886
000968,88.0633,-23.2143
000969,130.1477,-5.8667
000970,89.5191,-12.2931
000971,83.2765,0.7092
000972,34.8066,-14.9444
000973,165.9933,9.6296
000975,131.3131,-21.6438
000976,50.0000,-2.5000
000977,73.7727,-4.3137
000978,61.7484,-39.9625
000979,48.6000,34.9511
000980,38.3028,5.4455
000981,-200,-10.2902
000982,93.3775,-2.5882
000983,160.2426,-7.3868
000985,109.3611,2.6235
000987,78.5316,-29.2781
000988,101.0952,-5.2542
000989,35.6829,21.2635
000990,123.4444,-0.3350
000993,127.6657,-10.2632
000995,58.7349,14.9351
000996,17.0240,-21.1851
000997,96.2099,-22.7166
000998,15.6588,-13.3562
000999,11.3161,3.1406
001696,74.9669,13.5802
001896,97.9532,-11.9241
002001,42.6573,-5.1914
002002,132.4324,-15.8683
002003,58.0127,-6.0854
002004,53.9782,41.1828
002005,320.0704,3.3088
002006,134.7443,-31.9803
002007,55.3389,14.2094
002008,39.3072,-40.4277
002009,35.8621,6.4194
002010,81.5141,-5.7143
002011,76.0903,-0.6906
002012,138.1773,-4.8780
002013,120.9301,-7.4130
002014,63.7840,21.7666
002015,78.5270,-22.0870
002016,103.9049,9.6471
002017,87.3977,9.6610
002018,29.6760,-25.5814
002019,29.8215,4.9704
002020,49.1892,23.8839
002021,104.9960,-20.3666
002022,1.7503,19.4872
002023,120.8004,-14.0625
002024,33.7505,2.9310
002025,68.1672,-7.9412
002026,55.4279,-1.3100
002027,58.1921,14.4695
002028,18.5029,12.8577
002029,44.6116,-14.8867
002030,171.5292,16.5079
002031,103.8433,3.9720
002032,17.3569,5.4077
002033,41.1322,-22.5155
002034,80.5941,6.0870
002035,28.5714,18.2278
002036,59.7624,-11.0606
002037,52.7789,39.5425
002038,-10.2142,27.0083
002039,33.0144,61.0193
002040,123.1855,-8.1281
002041,22.0519,-11.9823
002042,106.4422,31.3462
002043,59.5855,2.7548
002044,77.1081,-10.3797
002045,79.4872,2.4735
002046,49.6520,13.3333
002047,64.0867,-6.0423
002048,155.3950,-25.0000
002049,88.3133,-4.9990
002050,22.2564,17.9732
002051,92.9219,-15.1037
002052,49.4595,7.2886
002053,35.6855,-64.8948
002054,87.4790,-10.7539
002055,62.0344,7.0909
002056,84.4522,-11.8881
002057,74.2366,-8.6556
002058,39.6048,-12.2340
002059,123.8342,-10.4505
002060,40.7464,17.0599
002061,121.2000,13.6364
002062,90.8359,33.0000
002063,69.2572,29.1480
002064,51.5600,-7.1975
002065,42.1510,23.4442
002066,83.5955,14.0200
002067,72.9730,-26.5446
002068,54.1031,23.0216
002069,32.0042,11.5714
002070,95.8130,-31.4063
002071,110.9489,5.6410
002072,108.3784,3.5608
002073,89.5537,-12.0502
002074,15.8445,63.2302
002075,132.7703,25.9109
002076,65.8228,-15.3971
002077,44.3841,-1.6981
002078,79.7670,-37.0507
002079,81.1223,6.4067
002080,29.5977,5.3207
002081,34.7970,12.6682
002082,79.3455,-2.8689
002083,170.9497,-9.9237
002084,34.5488,10.5354
002085,125.0732,-28.8802
002086,53.7738,7.1902
002087,69.3333,-15.4217
002088,62.8128,-4.7619
002089,168.6951,43.5407
002090,60.4086,20.3947
002091,104.6626,66.4151
002092,112.4639,-20.5479
002093,34.5045,13.0739
002094,72.1992,10.5882
002095,75.6478,30.0000
002096,122.1099,35.6771
002097,42.2764,8.4991
002098,79.1427,-3.7383
002099,41.6800,15.3704
002100,69.6221,29.8206
002101,54.2920,7.0632
002102,62.7119,20.1058
002103,82.5629,-3.1915
002104,115.7901,-7.5290
002105,68.3596,2.3669
002106,80.5227,-10.8835
002107,60.8074,20.8501
002108,76.3242,20.0433
002109,44.5875,12.9848
002110,173.0964,-33.1442
002111,22.0934,7.9339
002112,14.7424,60.7337
002113,95.6311,1.7903
002114,119.1870,28.4630
002115,38.6574,30.6667
002116,111.5089,-1.3304
002117,55.4940,6.3218
002118,13.6436,32.2674
002119,52.7578,4.5113
002120,60.7200,-1.7544
002121,65.7409,63.7069
002122,7.9307,29.4417
002123,37.6992,31.8631
002124,53.9679,21.8375
002125,78.2972,9.2308
002126,54.8267,7.8913
002127,75.0181,-9.6774
002128,282.4994,-25.7542
002129,51.2721,1.6287
002130,87.4083,43.8509
002131,127.2005,-3.0129
002132,35.8170,17.6583
002133,178.9800,2.0115
002134,33.8205,0.4098
002135,46.6995,-0.6107
002136,38.3378,25.9459
002137,86.3696,-5.4250
002138,51.1359,23.9130
002139,91.5908,6.8075
002140,34.4396,5.4606
002141,70.2810,7.6087
002142,91.5483,-8.7248
002143,91.7563,-8.1882
002144,79.8135,0.8818
002145,81.8182,1.6913
002146,210.4438,-2.8623
002147,33.1410,-0.5425
002148,60.7740,21.8722
002149,180.3440,-10.1906
002150,43.2248,-1.5070
002151,70.4183,24.6099
002152,5.1522,6.3669
002153,34.1644,-5.1663
002154,45.7636,-26.2240
002155,137.6654,-13.0913
002156,63.6809,-2.3372
002157,65.7987,3.7698
002158,28.2415,22.8327
002159,60.2459,4.5752
002160,76.7404,-7.8987
002161,67.8971,22.2513
002162,46.0539,13.5776
002163,158.6917,0.2028
002164,66.1756,16.8996
002165,113.0652,-15.0078
002166,217.4419,7.7615
002167,55.0320,15.8708
002168,200.7203,34.7313
002169,91.9186,62.0044
002170,54.5345,4.0174
002171,97.4281,-14.9874
002172,101.8568,-15.9353
002173,53.9695,12.1188
002174,70.7237,5.0000
002175,57.2932,-4.2674
002176,49.7500,-16.7653
002177,79.6436,5.6433
002178,42.1488,11.2329
002179,58.4736,47.3583
002180,46.9972,39.8601
002181,67.4360,1.2590
002182,54.2728,-24.8714
002183,5.1940,39.5517
002184,66.7257,-17.8571
002185,59.6904,-14.8438
002186,29.2305,-2.4697
002187,62.3130,-23.5455
002188,91.2278,5.1672
002189,72.2642,-0.2110
002190,62.4850,10.5970
002191,24.2726,35.6994
002192,184.8275,44.1527
002193,123.8298,0.2208
002194,28.7953,5.2296
002195,64.9721,11.5578
002196,69.6893,12.4339
002197,79.4951,14.2041
002198,63.7514,32.7778
002199,67.2508,14.7557
002200,4.3429,18.0346
002201,69.6221,17.7966
002202,74.8151,22.0986
002203,98.2439,-4.3056
002204,68.6700,21.6000
002205,42.3796,26.5742
002206,72.5492,23.3047
002207,193.0294,15.3846
002208,125.1608,4.8077
002209,56.6118,27.9221
002210,75.3263,5.5627
002211,51.6667,-7.9223
002212,94.4500,29.2157
002213,36.9240,24.9558
002214,9.9875,67.1541
002215,27.4625,14.1506
002216,31.8568,3.2438
002217,21.3367,-6.9264
002218,154.3762,2.0459
002219,48.0347,47.5410
002220,20.2067,29.3045
002221,71.6366,5.0740
002222,38.3451,8.4775
002223,41.3474,57.6898
002224,63.4985,23.0169
002225,93.0892,1.6913
002226,157.1188,34.5967
002227,56.6542,40.8316
002228,125.3473,21.6149
002229,69.7740,14.5514
002230,37.4485,46.6916
002231,80.7206,25.5732
002232,146.8147,28.3771
002233,100.9091,12.9376
002234,19.8659,-7.2909
002235,89.2373,11.3716
002236,17.1252,22.9429
002237,257.5936,9.5965
002238,17.9423,22.9920
002239,70.2690,15.9734
002240,47.0230,-10.6592
002241,20.7108,-5.0477
002242,15.6414,23.9554
002243,75.7118,25.4480
002244,160.6709,31.0518
002245,40.1895,28.1250
002246,155.4906,-5.7301
002247,44.8956,21.7131
002248,31.1673,62.4855
002249,176.6278,6.2570
002250,96.8440,19.4220
002251,20.5749,-5.6477
002252,8.2598,15.9540
002253,24.6018,81.9560
002254,29.6076,6.2500
002255,52.2589,23.8376
002256,68.3997,17.1068
002258,124.7502,35.7422
002259,66.7375,-4.6316
002260,63.9827,12.2340
002261,46.0097,9.4421
002262,14.6701,48.2883
002263,108.1914,-1.6327
002264,60.8630,8.4330
002265,84.3091,-28.2230
002266,28.2224,35.7607
002267,56.9559,15.4219
002268,14.9569,40.2375
002269,-2.2188,8.6275
002270,36.4477,29.5238
002271,12.1273,112.0436
002272,18.3977,-21.3828
002273,31.4330,-29.5901
002274,23.3668,-1.8596
002275,-200,-200
002276,-200,-200
002277,-200,-200
002278,-200,-200
002279,-200,-200
002280,-200,-200
002281,-200,-200
002282,-200,-200
002283,-200,-200
002284,-200,-200
002285,-200,-200
002286,-200,-200
002287,-200,-200
002288,-200,-200
002289,-200,-200
002290,-200,-200
002291,-200,-200
002292,-200,-200
002293,-200,-200
002294,-200,-200
002295,-200,-200
002296,-200,-200
002297,-200,-200
002298,-200,-200
002299,-200,-200
002300,-200,-200
002301,-200,-200
002302,-200,-200
002303,-200,-200
002304,-200,-200
002305,-200,-200
002306,-200,-200
002307,-200,-200
002308,-200,-200
002309,-200,-200
002310,-200,-200
002311,-200,-200
002312,-200,-200
002313,-200,-200
002314,-200,-200
002315,-200,-200
002316,-200,-200
002317,-200,-200
002318,-200,-200
002319,-200,-200
002320,-200,-200
002321,-200,-200
002322,-200,-200
002323,-200,-200
002324,-200,-200
002325,-200,-200
002326,-200,-200
002327,-200,-200
002328,-200,-200
002329,-200,-200
002330,-200,-200
002331,-200,-200
002332,-200,-200
002333,-200,-200
002334,-200,-200
002335,-200,-200
002336,-200,-200
002337,-200,-200
002338,-200,-200
002339,-200,-200
002340,-200,-200
002341,-200,-200
002342,-200,-200
002343,-200,-200
002344,-200,-200
002345,-200,-200
002346,-200,-200
002347,-200,-200
002348,-200,-200
002349,-200,-200
002350,-200,-200
002351,-200,-200
002352,-200,-200
002353,-200,-200
002354,-200,-200
002355,-200,-200
002356,-200,-200
002357,-200,-200
002358,-200,-200
002359,-200,-200
002360,-200,-200
002361,-200,-200
002362,-200,-200
002363,-200,-200
002364,-200,-200
002365,-200,-200
002366,-200,-200
002367,-200,-200
002368,-200,-200
002369,-200,-200
002370,-200,-200
002371,-200,-200
002372,-200,-200
002373,-200,-200
002374,-200,-200
002375,-200,-200
002376,-200,-200
002377,-200,-200
002378,-200,-200
002379,-200,-200
002380,-200,-200
002381,-200,-200
002382,-200,-200
002383,-200,-200
002384,-200,-200
002385,-200,-200
002386,-200,-200
002387,-200,-200
002388,-200,-200
002389,-200,-200
002390,-200,-200
002391,-200,-200
002392,-200,-200
002393,-200,-200
002394,-200,-200
002395,-200,-200
002396,-200,-200
002397,-200,-200
002398,-200,-200
002399,-200,-200
002400,-200,-200
002401,-200,-200
002402,-200,-200
002403,-200,-200
002404,-200,-200
002405,-200,-200
002406,-200,-200
002407,-200,-200
002408,-200,-200
002409,-200,-200
002410,-200,-200
002411,-200,-200
002412,-200,-200
002413,-200,-200
002414,-200,-200
002415,-200,-200
002416,-200,-200
002417,-200,-200
002418,-200,-200
002419,-200,-200
002420,-200,-200
002421,-200,-200
002422,-200,-200
002423,-200,-200
002424,-200,-200
002425,-200,-200
002426,-200,-200
002427,-200,-200
002428,-200,-200
002429,-200,-200
002430,-200,-200
002431,-200,-200
002432,-200,-200
002433,-200,-200
002434,-200,-200
002435,-200,-200
002436,-200,-200
002437,-200,-200
002438,-200,-200
002439,-200,-200
002440,-200,-200
002441,-200,-200
002442,-200,-200
002443,-200,-200
002444,-200,-200
002445,-200,-200
002446,-200,-200
002447,-200,-200
002448,-200,-200
002449,-200,-200
002450,-200,-200
002451,-200,-200
002452,-200,-200
002453,-200,-200
002454,-200,-200
002455,-200,-200
002456,-200,-200
002457,-200,-200
002458,-200,-200
002459,-200,-200
002460,-200,-200
002461,-200,-200
002462,-200,-200
002463,-200,-200
002464,-200,-200
002465,-200,-200
002466,-200,-200
002467,-200,-200
002468,-200,-200
002469,-200,-200
002470,-200,-200
002471,-200,-200
002472,-200,-200
002473,-200,-200
002474,-200,-200
002475,-200,-200
002476,-200,-200
002477,-200,-200
002478,-200,-200
002479,-200,-200
002480,-200,-200
002481,-200,-200
002482,-200,-200
002483,-200,-200
002484,-200,-200
002485,-200,-200
002486,-200,-200
002487,-200,-200
002488,-200,-200
002489,-200,-200
002490,-200,-200
002491,-200,-200
002492,-200,-200
002493,-200,-200
002494,-200,-200
002495,-200,-200
002496,-200,-200
002497,-200,-200
002498,-200,-200
002499,-200,-200
002500,-200,-200
002501,-200,-200
002502,-200,-200
002503,-200,-200
002504,-200,-200
002505,-200,-200
002506,-200,-200
002507,-200,-200
002508,-200,-200
002509,-200,-200
002510,-200,-200
002511,-200,-200
002512,-200,-200
002513,-200,-200
002514,-200,-200
002515,-200,-200
002516,-200,-200
002517,-200,-200
002518,-200,-200
002519,-200,-200
002520,-200,-200
002521,-200,-200
002522,-200,-200
002523,-200,-200
002524,-200,-200
002526,-200,-200
002527,-200,-200
002528,-200,-200
002529,-200,-200
002530,-200,-200
002531,-200,-200
002532,-200,-200
002533,-200,-200
002534,-200,-200
002535,-200,-200
002536,-200,-200
002537,-200,-200
002538,-200,-200
002539,-200,-200
002540,-200,-200
002541,-200,-200
002542,-200,-200
002543,-200,-200
002544,-200,-200
002545,-200,-200
002546,-200,-200
002547,-200,-200
002548,-200,-200
002549,-200,-200
002550,-200,-200
002551,-200,-200
002552,-200,-200
002553,-200,-200
002554,-200,-200
002555,-200,-200
002556,-200,-200
002557,-200,-200
002558,-200,-200
002559,-200,-200
002560,-200,-200
002561,-200,-200
002562,-200,-200
002563,-200,-200
002564,-200,-200
002565,-200,-200
002566,-200,-200
002567,-200,-200
002568,-200,-200
002569,-200,-200
002570,-200,-200
002571,-200,-200
002572,-200,-200
002573,-200,-200
002574,-200,-200
002575,-200,-200
002576,-200,-200
002577,-200,-200
002578,-200,-200
002579,-200,-200
002580,-200,-200
002581,-200,-200
002582,-200,-200
002583,-200,-200
002584,-200,-200
002585,-200,-200
002586,-200,-200
002587,-200,-200
002588,-200,-200
002589,-200,-200
002590,-200,-200
002591,-200,-200
002592,-200,-200
002593,-200,-200
002594,-200,-200
002595,-200,-200
002596,-200,-200
002597,-200,-200
002598,-200,-200
002599,-200,-200
002600,-200,-200
002601,-200,-200
002602,-200,-200
002603,-200,-200
002604,-200,-200
002605,-200,-200
002606,-200,-200
002607,-200,-200
002608,-200,-200
002609,-200,-200
002610,-200,-200
002611,-200,-200
002612,-200,-200
002613,-200,-200
002614,-200,-200
002615,-200,-200
002616,-200,-200
002617,-200,-200
002618,-200,-200
002619,-200,-200
002620,-200,-200
002621,-200,-200
002622,-200,-200
002623,-200,-200
002624,-200,-200
002625,-200,-200
002626,-200,-200
002627,-200,-200
002628,-200,-200
002629,-200,-200
002630,-200,-200
002631,-200,-200
002632,-200,-200
002633,-200,-200
002634,-200,-200
002635,-200,-200
002636,-200,-200
002637,-200,-200
002638,-200,-200
002639,-200,-200
002640,-200,-200
002641,-200,-200
002642,-200,-200
002643,-200,-200
002644,-200,-200
002645,-200,-200
002646,-200,-200
002647,-200,-200
002648,-200,-200
002649,-200,-200
002650,-200,-200
002651,-200,-200
002652,-200,-200
002653,-200,-200
002654,-200,-200
002655,-200,-200
002656,-200,-200
002657,-200,-200
002658,-200,-200
002659,-200,-200
002660,-200,-200
002661,-200,-200
002662,-200,-200
002663,-200,-200
002664,-200,-200
002665,-200,-200
002666,-200,-200
002667,-200,-200
002668,-200,-200
002669,-200,-200
002670,-200,-200
002671,-200,-200
002672,-200,-200
002673,-200,-200
002674,-200,-200
002675,-200,-200
002676,-200,-200
002677,-200,-200
002678,-200,-200
002679,-200,-200
002680,-200,-200
002681,-200,-200
002682,-200,-200
002683,-200,-200
002684,-200,-200
002685,-200,-200
002686,-200,-200
002687,-200,-200
002688,-200,-200
002689,-200,-200
002690,-200,-200
002691,-200,-200
002692,-200,-200
002693,-200,-200
002694,-200,-200
002695,-200,-200
002696,-200,-200
002697,-200,-200
002698,-200,-200
002699,-200,-200
002700,-200,-200
002701,-200,-200
002702,-200,-200
002703,-200,-200
002705,-200,-200
002706,-200,-200
002707,-200,-200
002708,-200,-200
002709,-200,-200
002711,-200,-200
002712,-200,-200
002713,-200,-200
002714,-200,-200
002715,-200,-200
002716,-200,-200
002717,-200,-200
002718,-200,-200
002719,-200,-200
002721,-200,-200
002722,-200,-200
002723,-200,-200
002724,-200,-200
002725,-200,-200
002726,-200,-200
002727,-200,-200
002728,-200,-200
002729,-200,-200
002730,-200,-200
002731,-200,-200
002732,-200,-200
002733,-200,-200
002734,-200,-200
002735,-200,-200
002736,-200,-200
002737,-200,-200
002738,-200,-200
002739,-200,-200
002740,-200,-200
002741,-200,-200
002742,-200,-200
002743,-200,-200
002745,-200,-200
002746,-200,-200
002747,-200,-200
002748,-200,-200
002749,-200,-200
002750,-200,-200
002751,-200,-200
002752,-200,-200
002753,-200,-200
002755,-200,-200
002756,-200,-200
002757,-200,-200
002758,-200,-200
002759,-200,-200
002760,-200,-200
002761,-200,-200
002762,-200,-200
002763,-200,-200
002765,-200,-200
002766,-200,-200
002767,-200,-200
002768,-200,-200
002769,-200,-200
002770,-200,-200
002771,-200,-200
002772,-200,-200
002773,-200,-200
002775,-200,-200
002776,-200,-200
300001,-200,-200
300002,-200,-200
300003,-200,-200
300004,-200,-200
300005,-200,-200
300006,-200,-200
300007,-200,-200
300008,-200,-200
300009,-200,-200
300010,-200,-200
300011,-200,-200
300012,-200,-200
300013,-200,-200
300014,-200,-200
300015,-200,-200
300016,-200,-200
300017,-200,-200
300018,-200,-200
300019,-200,-200
300020,-200,-200
300021,-200,-200
300022,-200,-200
300023,-200,-200
300024,-200,-200
300025,-200,-200
300026,-200,-200
300027,-200,-200
300028,-200,-200
300029,-200,-200
300030,-200,-200
300031,-200,-200
300032,-200,-200
300033,-200,-200
300034,-200,-200
300035,-200,-200
300036,-200,-200
300037,-200,-200
300038,-200,-200
300039,-200,-200
300040,-200,-200
300041,-200,-200
300042,-200,-200
300043,-200,-200
300044,-200,-200
300045,-200,-200
300046,-200,-200
300047,-200,-200
300048,-200,-200
300049,-200,-200
300050,-200,-200
300051,-200,-200
300052,-200,-200
300053,-200,-200
300054,-200,-200
300055,-200,-200
300056,-200,-200
300057,-200,-200
300058,-200,-200
300059,-200,-200
300061,-200,-200
300062,-200,-200
300063,-200,-200
300064,-200,-200
300065,-200,-200
300066,-200,-200
300067,-200,-200
300068,-200,-200
300069,-200,-200
300070,-200,-200
300071,-200,-200
300072,-200,-200
300073,-200,-200
300074,-200,-200
300075,-200,-200
300076,-200,-200
300077,-200,-200
300078,-200,-200
300079,-200,-200
300080,-200,-200
300081,-200,-200
300082,-200,-200
300083,-200,-200
300084,-200,-200
300085,-200,-200
300086,-200,-200
300087,-200,-200
300088,-200,-200
300089,-200,-200
300090,-200,-200
300091,-200,-200
300092,-200,-200
300093,-200,-200
300094,-200,-200
300095,-200,-200
300096,-200,-200
300097,-200,-200
300098,-200,-200
300099,-200,-200
300100,-200,-200
300101,-200,-200
300102,-200,-200
300103,-200,-200
300104,-200,-200
300105,-200,-200
300106,-200,-200
300107,-200,-200
300108,-200,-200
300109,-200,-200
300110,-200,-200
300111,-200,-200
300112,-200,-200
300113,-200,-200
300114,-200,-200
300115,-200,-200
300116,-200,-200
300117,-200,-200
300118,-200,-200
300119,-200,-200
300120,-200,-200
300121,-200,-200
300122,-200,-200
300123,-200,-200
300124,-200,-200
300125,-200,-200
300126,-200,-200
300127,-200,-200
300128,-200,-200
300129,-200,-200
300130,-200,-200
300131,-200,-200
300132,-200,-200
300133,-200,-200
300134,-200,-200
300135,-200,-200
300136,-200,-200
300137,-200,-200
300138,-200,-200
300139,-200,-200
300140,-200,-200
300141,-200,-200
300142,-200,-200
300143,-200,-200
300144,-200,-200
300145,-200,-200
300146,-200,-200
300147,-200,-200
300148,-200,-200
300149,-200,-200
300150,-200,-200
300151,-200,-200
300152,-200,-200
300153,-200,-200
300154,-200,-200
300155,-200,-200
300156,-200,-200
300157,-200,-200
300158,-200,-200
300159,-200,-200
300160,-200,-200
300161,-200,-200
300162,-200,-200
300163,-200,-200
300164,-200,-200
300165,-200,-200
300166,-200,-200
300167,-200,-200
300168,-200,-200
300169,-200,-200
300170,-200,-200
300171,-200,-200
300172,-200,-200
300173,-200,-200
300174,-200,-200
300175,-200,-200
300176,-200,-200
300177,-200,-200
300178,-200,-200
300179,-200,-200
300180,-200,-200
300181,-200,-200
300182,-200,-200
300183,-200,-200
300184,-200,-200
300185,-200,-200
300186,-200,-200
300187,-200,-200
300188,-200,-200
300189,-200,-200
300190,-200,-200
300191,-200,-200
300192,-200,-200
300193,-200,-200
300194,-200,-200
300195,-200,-200
300196,-200,-200
300197,-200,-200
300198,-200,-200
300199,-200,-200
300200,-200,-200
300201,-200,-200
300202,-200,-200
300203,-200,-200
300204,-200,-200
300205,-200,-200
300206,-200,-200
300207,-200,-200
300208,-200,-200
300209,-200,-200
300210,-200,-200
300211,-200,-200
300212,-200,-200
300213,-200,-200
300214,-200,-200
300215,-200,-200
300216,-200,-200
300217,-200,-200
300218,-200,-200
300219,-200,-200
300220,-200,-200
300221,-200,-200
300222,-200,-200
300223,-200,-200
300224,-200,-200
300225,-200,-200
300226,-200,-200
300227,-200,-200
300228,-200,-200
300229,-200,-200
300230,-200,-200
300231,-200,-200
300232,-200,-200
300233,-200,-200
300234,-200,-200
300235,-200,-200
300236,-200,-200
300237,-200,-200
300238,-200,-200
300239,-200,-200
300240,-200,-200
300241,-200,-200
300242,-200,-200
300243,-200,-200
300244,-200,-200
300245,-200,-200
300246,-200,-200
300247,-200,-200
300248,-200,-200
300249,-200,-200
300250,-200,-200
300251,-200,-200
300252,-200,-200
300253,-200,-200
300254,-200,-200
300255,-200,-200
300256,-200,-200
300257,-200,-200
300258,-200,-200
300259,-200,-200
300260,-200,-200
300261,-200,-200
300262,-200,-200
300263,-200,-200
300264,-200,-200
300265,-200,-200
300266,-200,-200
300267,-200,-200
300268,-200,-200
300269,-200,-200
300270,-200,-200
300271,-200,-200
300272,-200,-200
300273,-200,-200
300274,-200,-200
300275,-200,-200
300276,-200,-200
300277,-200,-200
300278,-200,-200
300279,-200,-200
300280,-200,-200
300281,-200,-200
300282,-200,-200
300283,-200,-200
300284,-200,-200
300285,-200,-200
300286,-200,-200
300287,-200,-200
300288,-200,-200
300289,-200,-200
300290,-200,-200
300291,-200,-200
300292,-200,-200
300293,-200,-200
300294,-200,-200
300295,-200,-200
300296,-200,-200
300297,-200,-200
300298,-200,-200
300299,-200,-200
300300,-200,-200
300301,-200,-200
300302,-200,-200
300303,-200,-200
300304,-200,-200
300305,-200,-200
300306,-200,-200
300307,-200,-200
300308,-200,-200
300309,-200,-200
300310,-200,-200
300311,-200,-200
300312,-200,-200
300313,-200,-200
300314,-200,-200
300315,-200,-200
300316,-200,-200
300317,-200,-200
300318,-200,-200
300319,-200,-200
300320,-200,-200
300321,-200,-200
300322,-200,-200
300323,-200,-200
300324,-200,-200
300325,-200,-200
300326,-200,-200
300327,-200,-200
300328,-200,-200
300329,-200,-200
300330,-200,-200
300331,-200,-200
300332,-200,-200
300333,-200,-200
300334,-200,-200
300335,-200,-200
300336,-200,-200
300337,-200,-200
300338,-200,-200
300339,-200,-200
300340,-200,-200
300341,-200,-200
300342,-200,-200
300343,-200,-200
300344,-200,-200
300345,-200,-200
300346,-200,-200
300347,-200,-200
300348,-200,-200
300349,-200,-200
300350,-200,-200
300351,-200,-200
300352,-200,-200
300353,-200,-200
300354,-200,-200
300355,-200,-200
300356,-200,-200
300357,-200,-200
300358,-200,-200
300359,-200,-200
300360,-200,-200
300362,-200,-200
300363,-200,-200
300364,-200,-200
300365,-200,-200
300366,-200,-200
300367,-200,-200
300368,-200,-200
300369,-200,-200
300370,-200,-200
300371,-200,-200
300372,-200,-200
300373,-200,-200
300374,-200,-200
300375,-200,-200
300376,-200,-200
300377,-200,-200
300378,-200,-200
300379,-200,-200
300380,-200,-200
300381,-200,-200
300382,-200,-200
300383,-200,-200
300384,-200,-200
300385,-200,-200
300386,-200,-200
300387,-200,-200
300388,-200,-200
300389,-200,-200
300390,-200,-200
300391,-200,-200
300392,-200,-200
300393,-200,-200
300394,-200,-200
300395,-200,-200
300396,-200,-200
300397,-200,-200
300398,-200,-200
300399,-200,-200
300400,-200,-200
300401,-200,-200
300402,-200,-200
300403,-200,-200
300404,-200,-200
300405,-200,-200
300406,-200,-200
300407,-200,-200
300408,-200,-200
300409,-200,-200
300410,-200,-200
300411,-200,-200
300412,-200,-200
300413,-200,-200
300414,-200,-200
300415,-200,-200
300416,-200,-200
300417,-200,-200
300418,-200,-200
300419,-200,-200
300420,-200,-200
300421,-200,-200
300422,-200,-200
300423,-200,-200
300424,-200,-200
300425,-200,-200
300426,-200,-200
300427,-200,-200
300428,-200,-200
300429,-200,-200
300430,-200,-200
300431,-200,-200
300432,-200,-200
300433,-200,-200
300434,-200,-200
300435,-200,-200
300436,-200,-200
300437,-200,-200
300438,-200,-200
300439,-200,-200
300440,-200,-200
300441,-200,-200
300442,-200,-200
300443,-200,-200
300444,-200,-200
300445,-200,-200
300446,-200,-200
300447,-200,-200
300448,-200,-200
300449,-200,-200
300450,-200,-200
300451,-200,-200
300452,-200,-200
300453,-200,-200
300455,-200,-200
300456,-200,-200
300457,-200,-200
300458,-200,-200
300459,-200,-200
300460,-200,-200
300461,-200,-200
300462,-200,-200
300463,-200,-200
300464,-200,-200
300465,-200,-200
300466,-200,-200
300467,-200,-200
300468,-200,-200
300469,-200,-200
300470,-200,-200
300471,-200,-200
300472,-200,-200
300473,-200,-200
300475,-200,-200
300476,-200,-200
300477,-200,-200
300478,-200,-200
300479,-200,-200
300480,-200,-200
300481,-200,-200
300482,-200,-200
300483,-200,-200
300485,-200,-200
300486,-200,-200
300487,-200,-200
300488,-200,-200
300489,-200,-200
600000,143.9151,-15.1729
600004,34.9788,-43.2824
600005,65.6411,-36.5206
600006,63.5464,-9.0062
600007,57.3511,-16.7251
600008,47.3750,-18.0970
600009,35.6890,-35.2299
600010,51.7241,-18.3280
600011,16.7155,-7.8562
600012,47.8509,-16.2222
600015,68.4718,-13.0383
600016,97.5123,-21.1240
600017,53.2297,-40.9437
600018,73.4519,-28.8172
600019,53.3288,-36.1761
600020,55.2826,-11.9601
600021,69.3333,-24.8082
600022,81.9900,-38.2476
600023,-200,-200
600026,61.8265,-35.1115
600027,39.5722,-4.5000
600028,52.1349,-34.2697
600029,63.7462,-13.5501
600030,58.8552,-27.4233
600031,106.4381,-13.7846
600033,38.4667,-14.6597
600035,41.9437,-11.8881
600036,84.2928,-30.9875
600037,19.7844,-9.4466
600038,60.9681,-10.8911
600039,40.8929,16.8443
600048,152.9842,-3.0303
600050,37.4749,-8.0439
600051,80.4451,4.5929
600052,230.0613,-14.5119
600053,144.1684,-22.9446
600054,20.6870,-6.9541
600055,66.4912,33.3333
600056,53.9530,-1.0684
600057,-200,9.4444
600058,51.3799,-36.0022
600059,52.9126,-17.1329
600060,89.5082,-2.8832
600061,84.9582,-22.5734
600062,-3.1893,6.7819
600063,107.6160,-20.1987
600064,111.8919,-25.7757
600066,47.7563,-26.1084
600067,219.1646,-20.5941
600068,41.5542,25.2125
600069,100.8523,-26.5957
600070,105.1736,-24.3619
600071,85.2737,-12.9213
600072,61.4012,2.1298
600073,82.8767,-31.3291
600074,52.6316,-23.6915
600075,42.1965,-18.5897
600076,160.4444,4.9020
600077,114.0719,-11.7166
600078,21.8244,-18.6301
600079,104.1236,3.7129
600080,81.4050,-14.1264
600081,92.2849,-11.4058
600082,224.9615,-7.7064
600083,135.4839,-27.2040
600084,95.6044,14.7541
600085,34.3826,-13.6746
600086,81.5789,25.5208
600088,50.3642,-20.0169
600089,14.9048,44.2029
600090,155.8904,-11.2500
600091,68.7500,-0.6623
600093,12.1053,-10.7794
600094,-200,-200
600095,74.1722,-11.6418
600096,20.2618,-71.3636
600097,34.4734,32.1046
600098,36.1105,-8.8462
600099,101.7964,-7.7778
600100,54.3137,-13.5770
600101,55.2511,0.6961
600103,76.1261,-15.1163
600104,181.0768,-21.4076
600105,101.1268,-1.6854
600106,57.0578,-4.8193
600107,19.5390,-10.1977
600108,57.2327,-8.4084
600109,85.3341,-26.4069
600110,106.2500,-13.3568
600111,165.1163,-35.4186
600112,124.0506,26.4646
600113,90.2993,-6.1404
600114,44.0394,-12.0654
600115,18.7082,-3.9535
600116,63.6943,-8.3164
600117,129.6380,-33.8118
600118,17.1747,8.6186
600119,77.7174,-41.6275
600120,88.9506,-13.0982
600121,107.1607,-19.0283
600122,43.3708,-14.3969
600123,196.0816,-34.0532
600125,42.0514,-8.3607
600126,57.8680,-13.2584
600127,27.9919,-7.9051
600128,17.5724,-20.3159
600129,75.4221,1.5209
600130,65.2510,3.3898
600131,57.9235,-1.4124
600132,55.0103,41.4951
600133,83.3333,-19.5349
600135,83.4254,-6.0606
600136,151.3043,-1.9943
600137,68.2558,-8.2809
600138,37.7289,-23.0382
600139,212.3579,-7.0340
600141,60.3762,-28.9685
600143,86.1998,-33.8129
600145,189.4737,2.8571
600146,221.3514,5.4878
600148,91.5254,5.5804
600149,81.0559,13.7809
600150,66.2367,-30.4221
600151,164.2337,-30.1262
600152,68.1818,-5.6426
600153,112.0690,14.7482
600155,69.2015,-34.2105
600156,80.7971,-13.8264
600157,195.3678,-21.1364
600158,80.8795,-10.5589
600159,210.9453,-34.6535
600160,83.7304,-15.0655
600161,54.3716,40.5179
600162,142.5352,-7.6159
600163,58.6957,-17.0732
600165,69.7861,-23.0143
600166,167.0262,-4.0220
600167,115.4580,-21.2560
600168,51.8007,-14.4397
600169,54.0662,-25.2632
600170,88.0444,-6.3212
600171,92.2581,-23.1552
600172,69.2695,-8.9245
600173,109.1969,-15.1452
600175,135.9517,-15.6499
600176,7.9422,-12.4842
600177,90.7120,-33.3641
600178,143.7647,-6.1404
600179,75.4617,-11.5479
600180,221.3953,10.2564
600182,118.5185,-11.0482
600183,47.2596,-10.4449
600184,140.1451,32.5806
600185,136.8902,-24.4444
600186,75.6637,-12.7490
600187,-200,-200
600188,85.4935,-36.0248
600189,48.0069,-6.9193
600190,113.6942,-8.0292
600191,116.9863,-15.6250
600192,151.7745,-20.2037
600193,63.9493,12.7199
600195,74.5188,-21.3378
600196,39.0595,17.4972
600197,57.2264,-18.6306
600198,56.2112,26.6417
600199,62.5628,6.7227
600200,83.4783,-6.4885
600201,70.6733,-1.6364
600202,68.0679,7.2264
600203,74.2547,3.2164
600206,65.7576,-19.6970
600207,93.6027,-5.9211
600208,162.3529,-6.9124
600209,115.4412,6.5041
600210,79.8228,-7.9027
600211,88.4941,-1.2027
600212,121.4612,-2.7273
600213,148.8024,5.3968
600215,87.3529,-8.5165
600216,95.7001,0.5011
600217,141.9048,1.4851
600218,82.5073,0.0000
600219,56.2583,-14.2857
600220,61.6798,-21.3080
600221,58.4071,-10.0865
600222,142.4779,-14.4638
600223,153.0726,22.8758
600225,-200,-200
600226,60.9688,-13.5849
600227,46.4752,-6.2059
600228,128.0597,-1.1976
600229,34.6555,-3.5573
600230,66.0502,-23.8095
600231,100.4740,-31.7411
600232,72.6667,-6.9401
600233,112.3940,1.2469
600234,145.6621,-4.5662
600235,71.6480,-9.1922
600236,23.3645,18.8350
600237,72.4138,-0.3378
600238,118.3071,-21.7054
600239,112.6568,18.5505
600240,123.8095,-9.0116
600241,77.2806,-3.0000
600242,-200,-200
600243,60.6936,30.1980
600246,165.8019,9.9872
600247,92.6056,-8.8816
600248,163.1242,-200
600249,72.1545,-20.7420
600250,105.4487,-7.7160
600251,28.9931,-10.3406
600252,184.2778,28.8793
600255,134.9140,-9.2262
600256,86.3100,25.6198
600257,42.3780,-24.4656
600258,65.5200,-26.3535
600259,-200,-200
600260,158.5216,-5.5755
600261,71.4439,-12.6568
600262,55.0038,16.8260
600265,54.0741,-17.9874
600266,139.7183,-1.8207
600267,15.8003,18.1962
600268,24.3866,44.1483
600269,43.0174,-21.6080
600270,34.3018,-18.7845
600271,-2.8275,21.0855
600272,51.1927,-25.2055
600273,107.7778,-11.7450
600275,161.3757,0.5556
600276,8.9884,9.6526
600277,116.0377,15.1938
600278,83.2188,-23.6111
600279,51.9504,-23.8356
600280,141.5781,-26.4938
600281,123.5110,-21.7500
600282,97.7829,-25.5754
600283,68.3958,-8.2372
600284,48.6482,0.5714
600285,26.8852,0.3328
600287,95.3552,-24.9467
600288,93.8852,-15.2125
600289,46.2623,-2.8670
600290,92.0890,-4.9569
600291,107.3944,-10.8414
600292,190.8517,-15.2589
600293,128.2958,-13.9601
600295,52.8214,-13.5684
600297,114.9613,0.0000
600298,74.2381,2.2923
600299,53.7333,-33.9334
600300,117.2020,10.4822
600301,73.5160,-0.4566
600302,94.3218,-6.7692
600303,101.0600,-10.8000
600305,48.9676,-9.3750
600306,43.2011,30.5147
600307,175.6592,-26.3074
600308,70.7472,-32.5967
600309,63.6735,-21.4454
600310,60.5087,0.1727
600311,98.1605,5.9701
600312,27.8857,52.9477
600313,146.1538,-2.2152
600315,17.6057,3.8533
600316,55.2975,5.9421
600317,92.5040,-23.7037
600318,69.3396,-0.9732
600319,76.5303,-8.2386
600320,62.1579,-26.5288
600321,75.0520,-4.2683
600322,83.5009,-10.5850
600323,20.3822,-7.3171
600325,149.3322,-7.3705
600326,155.4479,11.2637
600327,57.3917,-34.7059
600328,61.3211,-22.3684
600329,99.8878,18.2540
600330,78.5305,-24.8000
600331,203.2443,-29.3629
600332,27.6596,-13.2743
600333,66.1470,-7.3684
600335,46.3043,-14.1243
600336,57.2127,5.4348
600337,49.6246,7.4074
600338,122.1591,1.7751
600339,43.5956,-18.9627
600340,87.2340,-14.9321
600343,58.4022,-15.0794
600345,54.5151,3.2040
600346,112.2186,0.7105
600348,201.1905,-24.9807
600350,16.5975,-15.6522
600351,82.9908,26.6260
600352,122.2863,-31.3725
600353,61.6633,-5.2529
600354,19.8813,16.3031
600355,80.7560,-4.2904
600356,69.8344,-0.3322
600358,68.5619,-20.7236
600359,12.3567,2.6490
600360,60.7242,-24.6753
600361,58.3267,-32.4561
600362,225.6286,-33.3333
600363,108.1152,-16.5948
600365,99.7531,-15.1386
600366,161.4058,-7.8029
600367,104.9327,-17.0093
600368,54.7126,14.8248
600369,138.7895,-13.0381
600370,96.7320,-9.3093
600371,24.4728,0.9847
600372,-200,-21.9739
600373,147.1429,-29.6482
600375,106.7815,-8.2949
600376,230.6250,-12.4302
600377,16.3004,0.5545
600378,119.7753,-3.3632
600379,112.5263,-8.4507
600380,45.9850,24.6575
600381,94.7368,-12.6492
600382,71.2950,-36.0390
600383,217.5446,7.6033
600385,85.0000,-16.2712
600386,57.3407,14.1494
600387,150.1057,-16.2257
600388,74.7488,-8.9094
600389,16.7034,-17.7689
600390,112.2776,-12.4128
600391,55.3767,-14.2562
600392,172.8144,37.3494
600393,104.9869,-13.8095
600395,143.2290,-11.1279
600396,58.6512,6.3098
600397,133.1868,8.1218
600398,97.3791,-5.2045
600399,83.1099,-4.3257
600400,66.5945,-10.5850
600401,-200,-2.4590
600403,72.9084,2.0833
600405,83.9450,-5.0109
600406,66.3179,15.9181
600408,87.5395,-30.0952
600409,70.0542,-31.6008
600410,31.7115,17.3626
600415,50.1206,23.6036
600416,180.1112,-2.5266
600418,100.7031,-8.1761
600419,132.5758,5.0279
600420,54.5608,-3.9344
600421,195.7854,-17.1429
600422,42.8571,-15.3257
600423,20.3822,-7.4380
600425,72.2537,18.3144
600426,60.0151,-8.1385
600428,59.7843,-32.2751
600429,44.0072,0.0000
600432,239.4452,-22.6489
600433,90.0498,-31.1151
600435,110.1343,12.7572
600436,34.4164,12.9264
600438,44.6746,-22.2870
600439,11.9984,-27.3216
600444,20.2630,-11.8310
600446,93.0491,-15.0485
600448,82.7839,-3.3582
600449,64.8859,57.5368
600452,72.8489,-2.2075
600455,73.7430,12.9825
600456,93.9494,-31.2802
600458,57.2748,24.3655
600459,164.2857,-23.8606
600460,68.5131,-13.4367
600461,60.1239,-9.7315
600462,91.3386,9.0517
600463,78.0503,-11.4416
600466,161.8529,-0.2717
600467,26.9091,-23.4783
600468,194.0035,-15.5251
600469,108.8462,-34.9105
600470,46.8673,-17.1466
600475,125.1585,22.2052
600476,25.1384,64.4037
600477,37.4823,5.5224
600478,117.2249,41.2811
600479,3.9449,15.5635
600480,136.1556,0.7194
600481,174.4890,-27.8810
600482,139.6648,-13.7255
600483,69.5502,-0.3610
600485,22.6724,21.2526
600486,27.0362,18.5816
600487,124.3956,19.8547
600488,33.1375,7.0611
600489,287.8212,10.5045
600490,109.1667,6.6508
600491,88.1625,-21.0793
600493,82.9829,-8.0925
600495,7.8969,16.1269
600496,84.0277,-1.1876
600497,99.6036,-14.7160
600498,59.0689,24.7934
600499,104.1884,-7.0573
600500,53.1317,-14.0177
600501,79.0873,-21.0351
600502,77.7174,3.7249
600503,109.8438,-4.6083
600505,85.8612,-4.3814
600506,1.4025,4.5655
600507,168.5315,-7.9038
600508,107.1902,-30.3586
600509,111.6631,-21.7391
600510,136.3587,1.2723
600511,29.3960,12.8803
600512,55.4348,-9.8039
600513,75.8900,8.5409
600515,158.9286,-13.4146
600516,100.9467,-14.4806
600517,3.9742,32.9572
600518,83.5391,12.3305
600519,36.2390,-17.5828
600520,151.7520,-6.2016
600521,15.6238,2.7895
600522,102.4973,28.4924
600523,33.7777,29.2614
600525,23.5779,16.0028
600526,34.3681,-2.4581
600527,46.5387,6.2972
600528,44.9923,61.5385
600529,22.6202,35.1773
600530,188.0682,-22.8507
600531,102.4786,-21.9682
600532,98.3607,28.7926
600533,111.0092,-14.2857
600535,37.3683,9.9556
600536,197.4501,19.1546
600537,61.6798,-9.9256
600538,182.4324,-6.0510
600539,61.9659,11.1111
600540,18.7354,5.5412
600543,83.4325,-0.3941
600545,128.0677,5.0505
600546,200.2874,29.7087
600547,146.8182,28.5336
600548,34.9619,-28.9855
600549,137.0826,-27.1698
600550,81.2306,-1.6098
600551,70.1143,0.0000
600552,109.3525,-9.0129
600555,226.0450,0.0000
600556,-200,15.9091
600557,-0.8965,2.1518
600558,59.5443,-23.8242
600559,51.5188,18.6667
600560,62.2473,3.1662
600561,77.4030,19.0661
600562,454.0254,-3.2823
600563,68.4535,-13.8686
600565,176.9904,-19.5545
600566,77.6042,-8.4536
600567,48.5816,-10.7256
600568,228.5115,16.1836
600569,42.7653,-24.6883
600570,72.6537,-9.9472
600571,101.9499,-8.0519
600572,54.5547,1.8832
600573,48.2559,5.5118
600575,245.7140,-10.4348
600576,287.3786,-38.5208
600577,55.4429,9.4340
600578,83.3273,-2.2770
600579,161.9433,-12.9630
600580,76.8559,13.1200
600581,128.2537,-22.4299
600582,47.9629,-12.3077
600583,17.5524,-3.4854
600584,66.3300,-13.9881
600585,64.2237,-1.1437
600586,173.2252,-11.6022
600587,58.5104,39.8010
600588,13.3538,-7.6018
600589,67.0163,-7.1429
600590,140.6734,-0.4000
600592,81.9925,-0.9980
600593,70.6100,25.4762
600594,52.0548,-3.7613
600595,83.0291,-28.1690
600596,23.3666,-4.7995
600597,66.5877,-12.3711
600598,14.4691,8.2745
600599,6.9246,24.3065
600600,33.6181,18.7760
600601,59.6357,-23.4783
600602,106.3745,-17.6056
600603,95.6204,23.7681
600604,146.2585,-1.4085
600605,116.8561,-7.5000
600606,123.6500,-11.6541
600608,152.4390,11.2150
600609,73.3607,-11.8519
600610,94.9686,31.7907
600611,133.7297,-31.2118
600612,138.8587,-15.0831
600613,108.2910,-6.2092
600614,152.9495,-17.6190
600615,132.8889,-40.1099
600616,63.6567,-26.7490
600617,55.8685,-28.6942
600618,90.4459,-28.4738
600619,50.0000,-31.2789
600620,62.0408,-21.2575
600621,100.9091,-37.4456
600622,187.2500,-38.2813
600623,86.4266,-21.6920
600624,56.8820,-3.0986
600626,75.1637,-18.0328
600628,50.9804,-19.3853
600629,26.4764,0.6141
600630,33.5286,-3.7538
600633,64.4231,-32.6146
600634,109.8485,-8.4437
600635,92.1435,-9.9533
600636,87.0416,-33.9721
600637,72.2045,-17.9348
600638,45.6933,-25.5094
600639,91.0622,-19.8537
600640,80.5866,9.4656
600641,147.6659,5.9490
600642,66.2208,-15.1558
600643,120.9540,-35.8447
600644,63.0338,7.2464
600645,84.3829,-12.7517
600647,97.5460,1.3624
600648,103.2345,-11.6279
600649,66.1446,0.0000
600650,67.5352,-32.2335
600651,55.9272,-23.7931
600652,98.5881,-13.6247
600653,84.6774,-7.9545
600654,112.3552,-12.9568
600655,89.2914,-20.0645
600656,44.2408,-2.6247
600657,174.6341,19.4690
600658,154.9724,-7.4271
600660,104.2289,-35.1667
600661,86.2222,-29.0909
600662,78.8618,-25.0518
600663,87.5918,-8.9788
600664,26.9091,28.0641
600665,115.5339,-16.7630
600666,57.9882,2.4291
600667,187.8738,-10.5263
600668,83.8419,9.0032
600671,98.8189,22.8710
600673,135.1797,-28.3516
600674,27.8559,2.3109
600675,185.3343,-9.3248
600676,109.9465,-27.7014
600677,72.3440,-17.1687
600678,13.5029,25.4279
600679,49.7227,-15.6894
600680,58.6207,-0.8711
600681,-200,-200
600682,91.9037,-29.4118
600683,139.6552,-8.7549
600684,136.6000,-0.6061
600685,80.0658,-27.5029
600686,79.0051,-28.1972
600687,85.4251,-3.2922
600688,47.6950,5.7361
600689,49.4898,-24.3280
600690,47.9911,-1.3172
600691,105.4455,20.1133
600692,79.0241,-30.4645
600693,31.4901,-15.8761
600694,82.5724,-6.8948
600695,71.2963,-28.3737
600696,132.7206,-32.1149
600697,31.3808,-6.7140
600698,71.7532,-37.1849
600699,146.2069,3.9855
600701,67.9012,-22.3333
600702,94.8804,0.8897
600703,237.1892,4.9451
600704,77.5675,-33.6185
600705,-200,-200
600706,160.6838,-5.7692
600707,81.5182,-1.3115
600708,77.1525,-25.5285
600710,76.2611,-23.1308
600711,80.6517,13.1579
600712,106.7599,0.4819
600713,38.9537,2.5685
600714,117.5309,1.0050
600715,125.1232,-18.5185
600716,86.6370,3.6613
600717,35.5307,-39.6384
600718,54.1702,-7.3068
600719,128.8945,-24.8447
600720,106.3702,41.4784
600721,166.0622,-18.2213
600722,120.1681,-24.5033
600723,104.0094,-15.6118
600724,130.2500,-1.7157
600725,30.3299,-34.4196
600726,65.0735,-5.9441
600727,32.5416,-17.3307
600728,93.8298,22.4599
600729,56.4738,-24.3915
600730,112.7273,-22.7603
600731,91.4110,-7.6696
600732,81.5041,-9.3525
600733,110.4703,-4.8845
600734,115.0183,-200
600735,74.1294,-1.9324
600736,103.3643,-10.8504
600737,38.4265,-18.9512
600738,136.8750,-8.2596
600739,154.7692,-29.5072
600740,75.3275,-40.3820
600741,153.1250,-27.9279
600742,142.1892,-5.6818
600743,180.6746,-2.4242
600744,75.2577,-10.1796
600745,170.4545,13.9932
600746,104.0936,-16.3212
600747,97.6667,-23.5602
600748,173.8510,-27.9481
600749,91.0864,-20.2273
600750,30.7143,42.8389
600751,189.9408,-9.1892
600753,158.1040,-16.9312
600754,112.7463,-22.1368
600755,59.2899,-29.7474
600756,204.1126,-8.7221
600757,93.2489,-7.0866
600758,102.2770,-13.2890
600759,68.9320,-26.2500
600760,113.8037,3.9604
600761,46.1628,-37.6588
600763,65.4440,10.8511
600764,64.6438,-5.2493
600765,57.1429,8.5945
600766,85.9944,3.7500
600767,106.5744,-22.4377
600768,127.9503,-20.0000
600769,108.0000,-16.9550
600770,90.9341,-29.4179
600771,85.5670,-12.4224
600773,117.3077,39.9103
600774,90.9968,-13.7143
600775,59.8522,-7.3059
600776,34.9741,27.0096
600777,150.0000,-18.1818
600778,101.2422,-18.0157
600779,48.2437,-24.9330
600780,68.8202,-8.1365
600781,74.4444,-12.2153
600782,98.6469,-27.0758
600783,101.9187,7.7437
600784,122.1574,-4.3103
600785,75.1398,-18.2804
600787,105.6687,-37.1473
600789,61.9048,-1.7341
600790,105.4286,0.5747
600791,68.9655,-13.2035
600792,35.0440,-65.7143
600793,105.9783,-11.1386
600794,92.6952,-13.7650
600795,27.8899,-11.3057
600796,109.8765,-10.0000
600797,67.8788,-17.7835
600798,79.6055,-24.3697
600800,40.1631,23.1013
600801,65.0501,12.6236
600802,92.9648,2.0833
600803,50.6045,-15.3623
600804,52.7895,28.0263
600805,102.3026,-4.5455
600806,50.1425,-35.1798
600807,105.6818,-14.5408
600808,47.1125,-27.0880
600809,135.5416,6.8966
600810,33.7580,10.5263
600811,103.5971,-28.1195
600812,38.0952,25.6729
600814,51.0823,-16.7286
600815,55.1829,-6.9246
600816,30.7105,-13.4786
600817,107.8431,-5.3097
600818,43.3980,29.1026
600819,78.7281,-19.8214
600820,13.2413,20.5752
600821,74.7331,-17.8042
600822,77.2800,-16.5289
600823,121.8831,-11.3456
600824,63.9910,-20.2532
600825,42.4000,-3.3409
600826,144.2464,-30.0699
600827,39.2094,-15.2015
600828,79.5057,-15.4514
600829,16.2404,34.9298
600830,63.7129,-29.5455
600831,37.5763,2.9006
600833,49.2453,-6.2044
600834,56.6877,-14.2857
600835,54.6894,-18.9135
600836,22.3993,-1.8232
600837,99.0015,-62.3141
600838,64.9733,-38.1601
600839,46.2733,-9.5506
600841,57.1895,-11.8325
600843,124.0786,-30.3665
600844,62.6392,-16.0432
600845,49.6942,-7.9042
600846,74.0385,-18.4514
600847,97.9253,5.5188
600848,85.4779,0.0000
600850,102.9630,-4.2353
600851,61.9355,-31.9712
600853,64.2612,11.6981
600854,-200,-200
600855,110.4762,-19.1268
600856,121.5753,-7.7670
600857,128.8887,-7.2973
600858,21.2066,-7.4450
600859,36.4717,-30.8588
600860,105.5556,-25.9947
600861,66.7047,-9.3333
600862,93.0085,-13.1890
600863,88.1919,-14.5062
600864,51.6995,2.4030
600865,95.0585,-4.0964
600866,70.7865,15.5932
600867,7.3580,10.5929
600868,74.8768,-4.3478
600869,96.6234,10.6447
600870,-200,-9.4972
600871,86.8852,-2.7027
600872,262.8483,-17.6316
600873,197.4194,5.3738
600874,28.1437,-5.8140
600875,32.6739,15.0521
600876,120.6422,-1.8100
600877,120.6642,1.1278
600879,53.5794,-0.5734
600880,62.9566,8.3401
600881,108.4378,-19.4326
600882,127.3973,-9.2784
600883,87.7934,-15.1452
600884,164.4311,-11.8794
600885,41.2760,-1.7903
600886,17.5288,1.6704
600887,86.0553,-13.7931
600888,55.6617,-8.4211
600889,98.7879,-32.7696
600890,51.2346,36.2832
600891,123.8532,4.1935
600892,102.0117,9.1346
600893,99.9504,-37.6471
600894,62.7604,6.7055
600895,56.6574,7.5350
600896,92.1709,-34.6101
600897,25.7038,-8.1930
600898,37.3550,-26.0550
600900,-3.9721,0.0000
600917,-200,-200
600958,-200,-200
600959,-200,-200
600960,104.8309,-11.3082
600961,195.8333,-26.3934
600962,42.9677,-22.0497
600963,54.9837,-37.6250
600965,21.3710,0.6316
600966,56.1750,-18.1518
600967,45.3521,11.1650
600969,143.7824,6.3401
600970,82.0610,-26.2637
600971,164.5314,-20.3305
600973,123.0482,-30.6437
600975,33.1288,6.4736
600976,104.2346,-4.8682
600978,88.1429,-18.0516
600979,78.0749,-2.9333
600980,70.0000,-29.6010
600981,58.2538,-17.6334
600982,90.1399,-2.4272
600983,67.0279,14.9148
600984,152.3511,-8.9286
600985,149.0964,7.4603
600986,78.4632,8.9021
600987,75.3041,-3.9514
600988,101.3123,7.7586
600990,175.3480,17.0588
600992,90.2602,-4.6218
600993,58.6364,27.2632
600995,42.5617,-35.4188
600997,223.6219,-30.0847
600998,-200,-200
600999,-200,-200
601000,-200,-200
601001,217.4520,-33.2549
601002,41.5414,18.8209
601003,87.2611,-18.7831
601005,54.3893,-5.7377
601006,32.3750,-37.8295
601007,59.0022,-20.2847
601008,73.7853,-18.9453
601009,116.2194,-14.4750
601010,-200,-200
601011,-200,-200
601012,-200,-200
601015,-200,-200
601016,-200,-200
601018,-200,-200
601021,-200,-200
601028,-200,-200
601038,-200,-200
601058,-200,-200
601069,-200,-200
601088,72.1773,-35.9620
601098,-200,-200
601099,27.0153,-39.3211
601100,-200,-200
601101,-200,-200
601106,-200,-200
601107,-200,-200
601111,68.7500,-32.6765
601113,-200,-200
601116,-200,-200
601117,-200,-200
601118,-200,-200
601126,-200,-200
601137,-200,-200
601139,-200,-200
601158,-200,-200
601166,155.9354,-11.1382
601168,142.1814,-26.1737
601169,78.8779,10.1360
601177,-200,-200
601179,-200,-200
601186,3.7298,7.2650
601188,-200,-200
601198,-200,-200
601199,-200,-200
601208,-200,-200
601211,-200,-200
601216,-200,-200
601218,-200,-200
601222,-200,-200
601225,-200,-200
601226,-200,-200
601231,-200,-200
601233,-200,-200
601238,-200,-200
601258,-200,-200
601288,-200,-200
601311,-200,-200
601313,-200,-200
601318,88.6346,-19.5948
601328,96.6505,-20.7358
601333,36.6310,-7.2500
601336,-200,-200
601339,-200,-200
601368,-200,-200
601369,-200,-200
601377,-200,-200
601388,-200,-200
601390,25.2768,-6.3903
601398,57.1800,-18.6207
601515,-200,-200
601518,-200,-200
601519,-200,-200
601555,-200,-200
601558,-200,-200
601566,-200,-200
601567,-200,-200
601579,-200,-200
601588,113.4280,-18.5507
601599,-200,-200
601600,97.8862,-33.2257
601601,104.0943,-32.7690
601607,67.6463,27.2085
601608,-200,-200
601616,-200,-200
601618,-200,-200
601628,49.5974,-26.1679
601633,-200,-200
601636,-200,-200
601666,206.0992,-29.5313
601668,-200,-200
601669,-200,-200
601677,-200,-200
601678,-200,-200
601688,-200,-200
601689,-200,-200
601699,213.3565,-26.2692
601700,-200,-200
601717,-200,-200
601718,-200,-200
601727,76.6313,-15.0000
601766,21.6092,23.1429
601777,-200,-200
601788,-200,-200
601789,-200,-200
601798,-200,-200
601799,-200,-200
601800,-200,-200
601801,-200,-200
601808,34.3837,-23.1416
601818,-200,-200
601857,43.9600,-20.7944
601866,63.3333,-25.5618
601872,46.5473,-23.1076
601877,-200,-200
601880,-200,-200
601886,-200,-200
601888,-200,-200
601890,-200,-200
601898,88.1098,-44.7952
601899,115.9962,6.4302
601901,-200,-200
601908,-200,-200
601918,121.4902,6.3380
601919,77.6178,-49.6982
601928,-200,-200
601929,-200,-200
601933,-200,-200
601939,59.4722,-17.0275
601958,88.8107,-15.4492
601965,-200,-200
601968,-200,-200
601969,-200,-200
601985,-200,-200
601988,55.4114,-18.8525
601989,-200,-200
601991,25.1804,-10.8966
601992,-200,-200
601996,-200,-200
601998,53.4704,-23.8659
601999,62.8788,14.5870
603000,-200,-200
603001,-200,-200
603002,-200,-200
603003,-200,-200
603005,-200,-200
603006,-200,-200
603008,-200,-200
603009,-200,-200
603010,-200,-200
603011,-200,-200
603012,-200,-200
603015,-200,-200
603017,-200,-200
603018,-200,-200
603019,-200,-200
603020,-200,-200
603021,-200,-200
603022,-200,-200
603023,-200,-200
603025,-200,-200
603026,-200,-200
603030,-200,-200
603066,-200,-200
603077,-200,-200
603085,-200,-200
603088,-200,-200
603099,-200,-200
603100,-200,-200
603108,-200,-200
603111,-200,-200
603116,-200,-200
603117,-200,-200
603118,-200,-200
603123,-200,-200
603126,-200,-200
603128,-200,-200
603158,-200,-200
603166,-200,-200
603167,-200,-200
603168,-200,-200
603169,-200,-200
603188,-200,-200
603198,-200,-200
603199,-200,-200
603222,-200,-200
603223,-200,-200
603227,-200,-200
603268,-200,-200
603288,-200,-200
603300,-200,-200
603306,-200,-200
603308,-200,-200
603309,-200,-200
603311,-200,-200
603315,-200,-200
603318,-200,-200
603328,-200,-200
603333,-200,-200
603338,-200,-200
603355,-200,-200
603366,-200,-200
603368,-200,-200
603369,-200,-200
603399,-200,-200
603456,-200,-200
603518,-200,-200
603519,-200,-200
603555,-200,-200
603558,-200,-200
603566,-200,-200
603567,-200,-200
603568,-200,-200
603588,-200,-200
603589,-200,-200
603598,-200,-200
603599,-200,-200
603600,-200,-200
603601,-200,-200
603606,-200,-200
603609,-200,-200
603611,-200,-200
603616,-200,-200
603618,-200,-200
603636,-200,-200
603669,-200,-200
603678,-200,-200
603686,-200,-200
603688,-200,-200
603698,-200,-200
603699,-200,-200
603703,-200,-200
603718,-200,-200
603729,-200,-200
603766,-200,-200
603788,-200,-200
603789,-200,-200
603799,-200,-200
603806,-200,-200
603808,-200,-200
603818,-200,-200
603828,-200,-200
603838,-200,-200
603869,-200,-200
603883,-200,-200
603885,-200,-200
603889,-200,-200
603898,-200,-200
603899,-200,-200
603901,-200,-200
603918,-200,-200
603939,-200,-200
603968,-200,-200
603969,-200,-200
603979,-200,-200
603988,-200,-200
603989,-200,-200
603993,-200,-200
603997,-200,-200
603998,-200,-200