000001,-1.1494,-7.1974
000002,13.7165,11.6041
000004,2.7569,-20.4934
000005,-1.4815,-15.2381
000006,-4.7170,-10.5622
000007,25.6729,-27.4809
000008,1.7391,-13.7717
000009,-10.2450,2.7335
000010,18.9591,-22.4964
000011,13.5802,-14.9160
000012,34.3478,-7.7792
000014,2.7843,-15.3165
000016,-2.3426,-2.4745
000017,32.6531,-34.4358
000018,17.2368,-14.7026
000019,12.0635,-17.6627
000020,-26.1246,-23.8281
000021,4.9327,-7.9526
000022,34.1970,14.8496
000023,6.8362,-12.7747
000024,-16.7506,9.4983
000025,-12.5693,-13.7255
000026,-30.4348,-14.2732
000027,0.3282,19.4737
000028,3.2432,-17.6737
000029,14.6712,-8.7363
000030,-10.0610,-27.1111
000031,7.2569,-12.5802
000032,17.0124,-8.9308
000033,0.0000,-22.3729
000034,-15.3043,-6.2500
000035,20.7286,-23.5465
000036,-7.8512,-5.6530
000037,-6.6327,9.3303
000038,28.4698,-18.2785
000039,15.3047,28.3792
000040,-11.5750,-13.0288
000042,-12.3198,-1.9182
000043,12.9630,-13.9842
000045,17.2924,0.3456
000046,2.1113,-10.9029
000048,-1.2698,-16.5775
000049,53.4323,-22.0290
000050,75.5525,5.7399
000055,38.2128,-14.2684
000056,15.7009,-20.6231
000058,6.2222,-7.9127
000059,-6.3232,-5.6769
000060,-18.5228,42.1569
000061,-19.3598,-3.0120
000062,0.6143,-4.4418
000063,30.7679,2.5782
000065,-26.5727,10.1716
000066,30.7329,-8.6245
000068,18.9535,24.3045
000069,-1.4950,-2.3114
000070,10.6750,-22.8743
000078,-8.7603,-14.4907
000088,-3.4544,16.9201
000089,12.1767,-2.3158
000090,-14.3347,1.9084
000096,-5.5457,-6.6381
000099,3.5108,16.3271
000100,-8.1333,200.0000
000150,-8.6758,-13.3721
000151,-2.6769,-15.7212
000153,-33.4530,13.0267
000155,-34.7871,11.6522
000156,-3.7123,-12.4248
000157,-3.4629,22.4290
000158,-11.1554,-8.0374
000159,-24.7748,1.2539
000166,200.0000,200.0000
000301,-8.7649,-14.7458
000333,200.0000,200.0000
000338,200.0000,200.0000
000400,-5.6785,11.8736
000401,-12.8559,15.5738
000402,10.4897,-0.8721
000403,-13.0106,-7.4172
000404,21.0811,-16.5899
000407,-16.4880,4.1257
000408,-2.5735,-20.4380
000409,200.0000,-41.5755
000410,-21.8112,-3.6720
000411,-11.0680,-30.0836
000413,29.0749,-28.7338
000415,-7.7253,-10.3586
000416,-3.2768,-11.7371
000417,2.9460,-10.3327
000418,-17.4652,-3.9514
000419,-6.6225,-5.1163
000420,-11.3095,10.5618
000421,9.4392,-17.4216
000422,-0.2555,7.0203
000423,23.4713,-12.5546
000425,15.4499,-8.4877
000426,-12.0290,-5.3977
000428,-10.1886,-23.8145
000429,-9.4378,-2.1739
000430,-0.9766,-20.2160
000488,-2.9412,10.4741
000498,5.5814,-3.6364
000501,-4.6875,-9.8361
000502,-29.5858,-0.7199
000503,40.4804,-6.8670
000504,-5.4076,-18.5328
000505,-10.0946,-22.3077
000506,-56.3337,23.2497
000507,-19.2364,11.0000
000509,-24.1509,-0.7692
000510,-5.2506,13.7363
000511,-4.5455,-8.9908
000513,13.3624,-13.9175
000514,-5.9701,-30.5699
000516,9.4233,-23.2759
000517,-58.2381,27.3561
000518,-26.5356,-5.2863
000519,-39.7924,3.8634
000520,10.2543,6.1630
000521,7.0681,-4.8077
000523,-6.1758,-11.7021
000524,12.2222,-26.5010
000525,20.5089,-19.2182
000526,0.8696,-22.7642
000528,-18.6852,28.8117
000529,-13.7313,-15.4822
000530,-19.2420,2.2124
000531,-17.4831,27.4112
000532,-2.4355,-4.7026
000533,-12.0000,23.0583
000534,-20.4609,9.2334
000536,12.4579,-35.8051
000537,-5.5882,-18.9286
000538,13.8233,1.4618
000539,-13.7286,6.1325
000540,2.8133,-16.4147
000541,15.6713,10.7209
000543,-18.0225,18.4290
000544,-0.8909,4.9296
000545,-9.6000,-18.6275
000546,4.3373,-15.1020
000547,6.3241,-14.9406
000548,-6.8465,-6.9632
000550,-35.5678,-1.6038
000551,0.3960,-9.2058
000552,-33.4197,-20.0418
000553,-12.2449,5.6250
000554,5.8546,0.4739
000555,-1.5873,-3.5714
000557,-13.5965,-25.3205
000558,-5.7836,-44.8529
000559,7.2059,-9.2448
000560,-5.0773,200.0000
000561,200.0000,-33.4302
000563,-27.8523,-9.7978
000564,-9.7482,-17.0175
000565,-33.9181,-23.9155
000566,0.2132,-14.4981
000567,8.5714,-24.8252
000568,-2.1687,0.9762
000570,-4.0230,-12.9630
000571,24.3243,-19.4357
000572,-29.9320,22.5862
000573,-5.9553,0.2494
000576,-10.6195,-8.1800
000581,-17.5439,6.4815
000582,2.6718,-13.3884
000584,-2.3392,-21.2488
000585,-11.8841,-10.7500
000586,31.9527,-19.7138
000587,-26.3158,-33.3333
000589,-13.1429,-1.3183
000590,13.4474,-20.9302
000591,-17.5209,-19.3016
000592,-9.4862,-30.7487
000593,2.8509,-15.2416
000595,-2.9412,-16.6979
000596,6.2750,-13.7320
000597,-21.7778,-20.3106
000598,-18.7614,6.3745
000599,-32.9545,-10.6653
000600,-11.4498,0.1619
000601,-23.9040,15.9326
000603,-0.7067,-29.4937
000605,10.4852,-32.4437
000606,-42.8941,11.4911
000607,-16.5970,-10.6918
000608,42.0455,-8.2601
000609,0.4467,-9.7531
000610,-0.5964,-21.6383
000611,0.3752,-13.0031
000612,-11.9742,22.1359
000613,-7.1429,-35.9268
000615,-11.9940,-5.7828
000616,2.8932,2.2923
000617,59.2300,1.1809
000619,-16.8675,-18.5102
000620,-0.6897,-24.7396
000622,-4.3182,-19.2727
000623,4.6463,-6.5333
000625,-30.0347,7.0621
000626,-14.2254,-3.8970
000627,1.4925,-12.5326
000628,20.8817,-19.5313
000629,-19.8901,21.7247
000630,0.9923,27.8261
000631,-25.0447,-12.6582
000632,9.1887,2.3753
000633,-85.0377,-4.7763
000635,35.1964,0.5997
000636,25.8007,-17.6647
000637,-6.1603,-2.5526
000638,200.0000,-45.5206
000639,-2.2968,0.2378
000650,-16.5289,-9.6899
000651,18.7551,15.4948
000652,-3.0086,-4.9798
000655,-15.7895,0.2421
000656,-15.4472,-29.5815
000657,-24.6980,-6.7430
000659,7.5617,-9.1954
000661,-0.2160,-29.2570
000662,6.7511,2.6628
000663,-10.7452,-11.0294
000665,5.1948,-22.9617
000666,-17.8982,6.6308
000667,-5.6816,-16.3009
000668,-12.8497,-11.1526
000669,22.1583,-22.6667
000670,-12.1870,33.0435
000671,37.7179,-20.8696
000672,3.2258,-19.6162
000673,-14.8718,-2.0202
000676,-0.6999,1.8418
000677,27.5000,23.7113
000678,-2.4876,200.0000
000679,8.5712,-31.4115
000680,-22.7495,14.3201
000681,6.8889,-28.9644
000682,16.1765,-11.4583
000683,-19.7753,-0.9132
000685,-21.7905,-21.2824
000686,-22.0391,26.9231
000687,-9.9368,8.5271
000688,-0.7394,-32.8302
000690,-0.9168,6.2311
000691,-36.6029,-14.2857
000692,-7.0053,-3.1250
000693,8.6047,1.8360
000695,200.0000,-27.3016
000697,22.9541,-14.2367
000698,-8.9928,-2.5000
000700,-7.9696,-13.0872
000701,-5.1181,-11.9277
000702,-0.7845,-12.6789
000703,0.5226,-20.4769
000705,-4.7985,-12.4361
000707,9.5694,-5.0228
000708,5.1793,4.4872
000709,-13.6085,21.0162
000710,-0.2494,-29.1958
000711,-7.4124,7.3593
000712,5.3286,-16.9811
000713,-8.3160,-19.0395
000715,-10.8421,-7.2603
000716,-7.6923,-11.4823
000717,-17.3793,59.4993
000718,-18.1818,-28.1437
000719,-1.7751,-18.2986
000720,5.9579,7.2340
000721,-2.2133,-12.0690
000722,-2.3729,-15.7143
000723,17.5439,0.3984
000725,19.0955,41.7417
000726,27.1576,26.7081
000727,29.2842,-14.9254
000728,-2.9907,3.6468
000729,17.8067,14.6879
000731,7.4430,19.4805
000732,0.0000,-15.7113
000733,-12.5392,-13.9756
000735,-11.6049,4.6997
000736,-30.6186,-18.2047
000737,-19.3206,-2.9289
000738,5.9748,-18.8295
000739,5.6569,-22.7668
000748,-2.6316,-12.5369
000750,5.4187,-12.4731
000751,-29.4326,21.8543
000752,-24.1675,-4.3796
000753,-4.6465,-9.8513
000755,-17.2906,0.7366
000756,-10.2916,-18.4922
000757,36.2222,13.8686
000758,5.9701,13.2879
000759,11.4865,-12.7745
000760,-29.9187,-9.8068
000761,-15.9213,16.2447
000762,-16.5109,11.1504
000766,-26.9697,-24.3619
000767,4.0434,8.4673
000768,-10.1549,-4.4925
000776,-34.7162,-19.0647
000777,33.7580,-17.5439
000778,-20.3152,25.4989
000779,16.2409,-2.4955
000780,-11.4638,-0.8772
000782,-5.9735,-5.7447
000783,-13.1959,20.5584
000785,4.5455,-20.9346
000786,-2.7138,-6.9307
000788,-9.3511,-13.2773
000789,17.5138,17.8112
000790,-20.7129,14.3965
000791,6.7146,-26.8893
000792,15.1413,23.9669
000793,-9.9911,11.8453
000795,-6.6667,-12.5364
000796,-2.0030,-7.8324
000797,-7.3350,-15.1767
000798,-7.4488,-17.9081
000799,-10.1240,-13.7809
000800,-41.5486,12.0709
000801,-14.9360,-3.0641
000802,-31.3233,-38.6997
000803,0.5776,-11.3636
000806,-3.8697,12.2016
000807,-13.8873,15.9091
000809,1.0772,-22.5476
000810,-12.6420,-6.1058
000811,9.5290,-15.7477
000812,1.0963,-9.2334
000813,-2.1108,-19.3900
000815,-10.2740,-7.8780
000816,-14.7638,-13.9303
000818,-2.3923,-15.9836
000819,6.3424,-27.6212
000820,-16.6667,-15.7706
000821,-8.8889,-5.9273
000822,11.1994,7.3846
000823,47.0874,-16.4969
000825,-11.4939,27.3839
000826,-25.3968,200.0000
000828,-21.7893,4.4910
000829,8.1481,-7.6164
000830,-2.4152,-0.1493
000831,-27.6858,32.1429
000833,11.2583,-19.6181
000835,10.9875,-23.2906
000836,-14.2675,-19.1511
000837,6.4768,-23.8832
000838,33.1210,-22.3866
000839,-7.7580,-7.0020
000848,-0.8933,-4.6041
000850,-22.6343,-2.2005
000851,-2.5997,200.0000
000852,-2.7257,-6.2092
000856,-2.6829,-19.0099
000858,8.8758,19.0426
000859,-8.7193,-6.1856
000860,-7.8020,4.0323
000861,-30.2597,-1.8111
000862,-9.0909,-17.7994
000863,-2.7972,-25.7235
000868,-2.9412,-12.3077
000869,16.4533,19.4503
000875,-19.2953,22.5470
000876,-24.6667,2.5581
000877,-43.7244,10.8356
000878,-19.8594,27.4600
000880,-11.4428,-14.0086
000881,9.3394,-18.1474
000882,-4.3011,-21.9224
000883,-6.0086,-13.6704
000885,200.0000,200.0000
000886,-9.2683,-2.1687
000887,-14.0127,-10.6061
000888,19.6310,-2.5610
000889,0.4608,-13.8277
000890,2.4440,-11.1517
000892,-5.2311,1.2453
000893,17.0918,-24.7619
000895,2.6496,25.6651
000897,2.3625,-10.1923
000898,-22.2867,38.9447
000899,-12.1262,16.0542
000900,9.4152,-1.0234
000901,-2.6746,-51.2555
000902,-3.7736,-27.6899
000903,-24.1628,12.6949
000905,9.3793,0.0000
000906,1.7712,0.7446
000908,-0.4107,-14.2105
000909,20.7002,-13.0612
000910,6.8447,-10.2985
000911,12.1279,-0.3322
000912,-18.5055,13.7224
000913,-16.2211,-2.8283
000915,1.7316,-16.1111
000916,-10.6262,5.4622
000917,1.2367,-10.9567
000918,-5.5507,-7.6000
000919,-11.0999,-2.4390
000920,39.4477,-7.7887
000921,-11.8619,2.6114
000922,1.3363,-12.6459
000923,-13.9797,20.4017
000925,13.4372,-19.7531
000926,8.5106,5.0459
000927,-38.4099,-2.0856
000928,-15.9449,-3.6538
000929,-4.6296,-39.4922
000930,16.8794,15.4351
000931,-35.0282,-37.1981
000932,-11.5844,16.9102
000933,9.3483,15.8803
000935,-22.2458,6.4220
000936,-11.9362,-6.8738
000937,-3.5971,8.4168
000938,22.5445,-20.1253
000939,0.3293,7.4921
000948,1.4474,-20.6432
000949,-20.2896,31.8519
000950,-57.8801,-17.1605
000951,200.0000,-3.4943
000952,-1.6822,-21.5774
000953,3.0986,-10.1523
000955,-4.4625,-18.8963
000957,-9.6234,-7.6621
000958,-14.3357,2.5118
000959,-14.3308,15.5894
000960,9.2306,28.5489
000961,-17.4630,3.2990
000962,-13.6661,7.7139
000963,-10.7698,-11.5519
000965,-19.8165,-2.5455
000966,-16.8342,16.0714
000967,7.1875,-18.6047
000968,-8.1491,46.6292
000969,18.7727,-6.4978
000970,-41.5161,-0.1307
000971,10.2941,-15.2411
000972,5.9543,0.3371
000973,-1.0036,-0.3067
000975,5.8824,-12.1805
000976,-10.7216,-2.8866
000977,4.5673,-15.5172
000978,-9.4897,-64.3045
000979,-0.3759,-18.3333
000980,-11.5854,-12.2776
000981,0.7267,-29.1022
000982,9.3294,-6.4885
000983,4.6755,43.2593
000985,6.3636,-21.9836
000987,7.1070,-15.9539
000988,14.7208,-12.4520
000989,-5.6728,-1.3111
000990,-9.7806,-21.5143
000993,-19.3893,1.7600
000995,-1.9355,-23.3553
000996,0.9887,-15.9763
000997,18.3857,10.5874
000998,6.8444,-12.4219
000999,10.5769,-4.2202
001696,35.5752,-7.1313
001896,-21.1890,8.0633
002001,-23.9712,200.0000
002002,-17.5252,200.0000
002003,-16.0068,200.0000
002004,-14.8936,200.0000
002005,-14.6605,200.0000
002006,-13.1387,200.0000
002007,-21.0487,200.0000
002008,-25.8122,200.0000
002009,3.5667,200.0000
002010,1.2987,200.0000
002011,200.0000,200.0000
002012,200.0000,200.0000
002013,200.0000,200.0000
002014,200.0000,200.0000
002015,200.0000,200.0000
002016,200.0000,200.0000
002017,200.0000,200.0000
002018,200.0000,200.0000
002019,200.0000,200.0000
002020,200.0000,200.0000
002021,200.0000,200.0000
002022,200.0000,200.0000
002023,200.0000,200.0000
002024,200.0000,200.0000
002025,200.0000,200.0000
002026,200.0000,200.0000
002027,200.0000,200.0000
002028,200.0000,200.0000
002029,200.0000,200.0000
002030,200.0000,200.0000
002031,200.0000,200.0000
002032,200.0000,200.0000
002033,200.0000,200.0000
002034,200.0000,200.0000
002035,200.0000,200.0000
002036,200.0000,200.0000
002037,200.0000,200.0000
002038,200.0000,200.0000
002039,200.0000,200.0000
002040,200.0000,200.0000
002041,200.0000,200.0000
002042,200.0000,200.0000
002043,200.0000,200.0000
002044,200.0000,200.0000
002045,200.0000,200.0000
002046,200.0000,200.0000
002047,200.0000,200.0000
002048,200.0000,200.0000
002049,200.0000,200.0000
002050,200.0000,200.0000
002051,200.0000,200.0000
002052,200.0000,200.0000
002053,200.0000,200.0000
002054,200.0000,200.0000
002055,200.0000,200.0000
002056,200.0000,200.0000
002057,200.0000,200.0000
002058,200.0000,200.0000
002059,200.0000,200.0000
002060,200.0000,200.0000
002061,200.0000,200.0000
002062,200.0000,200.0000
002063,200.0000,200.0000
002064,200.0000,200.0000
002065,200.0000,200.0000
002066,200.0000,200.0000
002067,200.0000,200.0000
002068,200.0000,200.0000
002069,200.0000,200.0000
002070,200.0000,200.0000
002071,200.0000,200.0000
002072,200.0000,200.0000
002073,200.0000,200.0000
002074,200.0000,200.0000
002075,200.0000,200.0000
002076,200.0000,200.0000
002077,200.0000,200.0000
002078,200.0000,200.0000
002079,200.0000,200.0000
002080,200.0000,200.0000
002081,200.0000,200.0000
002082,200.0000,200.0000
002083,200.0000,200.0000
002084,200.0000,200.0000
002085,200.0000,200.0000
002086,200.0000,200.0000
002087,200.0000,200.0000
002088,200.0000,200.0000
002089,200.0000,200.0000
002090,200.0000,200.0000
002091,200.0000,200.0000
002092,200.0000,200.0000
002093,200.0000,200.0000
002094,200.0000,200.0000
002095,200.0000,200.0000
002096,200.0000,200.0000
002097,200.0000,200.0000
002098,200.0000,200.0000
002099,200.0000,200.0000
002100,200.0000,200.0000
002101,200.0000,200.0000
002102,200.0000,200.0000
002103,200.0000,200.0000
002104,200.0000,200.0000
002105,200.0000,200.0000
002106,200.0000,200.0000
002107,200.0000,200.0000
002108,200.0000,200.0000
002109,200.0000,200.0000
002110,200.0000,200.0000
002111,200.0000,200.0000
002112,200.0000,200.0000
002113,200.0000,200.0000
002114,200.0000,200.0000
002115,200.0000,200.0000
002116,200.0000,200.0000
002117,200.0000,200.0000
002118,200.0000,200.0000
002119,200.0000,200.0000
002120,200.0000,200.0000
002121,200.0000,200.0000
002122,200.0000,200.0000
002123,200.0000,200.0000
002124,200.0000,200.0000
002125,200.0000,200.0000
002126,200.0000,200.0000
002127,200.0000,200.0000
002128,200.0000,200.0000
002129,200.0000,200.0000
002130,200.0000,200.0000
002131,200.0000,200.0000
002132,200.0000,200.0000
002133,200.0000,200.0000
002134,200.0000,200.0000
002135,200.0000,200.0000
002136,200.0000,200.0000
002137,200.0000,200.0000
002138,200.0000,200.0000
002139,200.0000,200.0000
002140,200.0000,200.0000
002141,200.0000,200.0000
002142,200.0000,200.0000
002143,200.0000,200.0000
002144,200.0000,200.0000
002145,200.0000,200.0000
002146,200.0000,200.0000
002147,200.0000,200.0000
002148,200.0000,200.0000
002149,200.0000,200.0000
002150,200.0000,200.0000
002151,200.0000,200.0000
002152,200.0000,200.0000
002153,200.0000,200.0000
002154,200.0000,200.0000
002155,200.0000,200.0000
002156,200.0000,200.0000
002157,200.0000,200.0000
002158,200.0000,200.0000
002159,200.0000,200.0000
002160,200.0000,200.0000
002161,200.0000,200.0000
002162,200.0000,200.0000
002163,200.0000,200.0000
002164,200.0000,200.0000
002165,200.0000,200.0000
002166,200.0000,200.0000
002167,200.0000,200.0000
002168,200.0000,200.0000
002169,200.0000,200.0000
002170,200.0000,200.0000
002171,200.0000,200.0000
002172,200.0000,200.0000
002173,200.0000,200.0000
002174,200.0000,200.0000
002175,200.0000,200.0000
002176,200.0000,200.0000
002177,200.0000,200.0000
002178,200.0000,200.0000
002179,200.0000,200.0000
002180,200.0000,200.0000
002181,200.0000,200.0000
002182,200.0000,200.0000
002183,200.0000,200.0000
002184,200.0000,200.0000
002185,200.0000,200.0000
002186,200.0000,200.0000
002187,200.0000,200.0000
002188,200.0000,200.0000
002189,200.0000,200.0000
002190,200.0000,200.0000
002191,200.0000,200.0000
002192,200.0000,200.0000
002193,200.0000,200.0000
002194,200.0000,200.0000
002195,200.0000,200.0000
002196,200.0000,200.0000
002197,200.0000,200.0000
002198,200.0000,200.0000
002199,200.0000,200.0000
002200,200.0000,200.0000
002201,200.0000,200.0000
002202,200.0000,200.0000
002203,200.0000,200.0000
002204,200.0000,200.0000
002205,200.0000,200.0000
002206,200.0000,200.0000
002207,200.0000,200.0000
002208,200.0000,200.0000
002209,200.0000,200.0000
002210,200.0000,200.0000
002211,200.0000,200.0000
002212,200.0000,200.0000
002213,200.0000,200.0000
002214,200.0000,200.0000
002215,200.0000,200.0000
002216,200.0000,200.0000
002217,200.0000,200.0000
002218,200.0000,200.0000
002219,200.0000,200.0000
002220,200.0000,200.0000
002221,200.0000,200.0000
002222,200.0000,200.0000
002223,200.0000,200.0000
002224,200.0000,200.0000
002225,200.0000,200.0000
002226,200.0000,200.0000
002227,200.0000,200.0000
002228,200.0000,200.0000
002229,200.0000,200.0000
002230,200.0000,200.0000
002231,200.0000,200.0000
002232,200.0000,200.0000
002233,200.0000,200.0000
002234,200.0000,200.0000
002235,200.0000,200.0000
002236,200.0000,200.0000
002237,200.0000,200.0000
002238,200.0000,200.0000
002239,200.0000,200.0000
002240,200.0000,200.0000
002241,200.0000,200.0000
002242,200.0000,200.0000
002243,200.0000,200.0000
002244,200.0000,200.0000
002245,200.0000,200.0000
002246,200.0000,200.0000
002247,200.0000,200.0000
002248,200.0000,200.0000
002249,200.0000,200.0000
002250,200.0000,200.0000
002251,200.0000,200.0000
002252,200.0000,200.0000
002253,200.0000,200.0000
002254,200.0000,200.0000
002255,200.0000,200.0000
002256,200.0000,200.0000
002258,200.0000,200.0000
002259,200.0000,200.0000
002260,200.0000,200.0000
002261,200.0000,200.0000
002262,200.0000,200.0000
002263,200.0000,200.0000
002264,200.0000,200.0000
002265,200.0000,200.0000
002266,200.0000,200.0000
002267,200.0000,200.0000
002268,200.0000,200.0000
002269,200.0000,200.0000
002270,200.0000,200.0000
002271,200.0000,200.0000
002272,200.0000,200.0000
002273,200.0000,200.0000
002274,200.0000,200.0000
002275,200.0000,200.0000
002276,200.0000,200.0000
002277,200.0000,200.0000
002278,200.0000,200.0000
002279,200.0000,200.0000
002280,200.0000,200.0000
002281,200.0000,200.0000
002282,200.0000,200.0000
002283,200.0000,200.0000
002284,200.0000,200.0000
002285,200.0000,200.0000
002286,200.0000,200.0000
002287,200.0000,200.0000
002288,200.0000,200.0000
002289,200.0000,200.0000
002290,200.0000,200.0000
002291,200.0000,200.0000
002292,200.0000,200.0000
002293,200.0000,200.0000
002294,200.0000,200.0000
002295,200.0000,200.0000
002296,200.0000,200.0000
002297,200.0000,200.0000
002298,200.0000,200.0000
002299,200.0000,200.0000
002300,200.0000,200.0000
002301,200.0000,200.0000
002302,200.0000,200.0000
002303,200.0000,200.0000
002304,200.0000,200.0000
002305,200.0000,200.0000
002306,200.0000,200.0000
002307,200.0000,200.0000
002308,200.0000,200.0000
002309,200.0000,200.0000
002310,200.0000,200.0000
002311,200.0000,200.0000
002312,200.0000,200.0000
002313,200.0000,200.0000
002314,200.0000,200.0000
002315,200.0000,200.0000
002316,200.0000,200.0000
002317,200.0000,200.0000
002318,200.0000,200.0000
002319,200.0000,200.0000
002320,200.0000,200.0000
002321,200.0000,200.0000
002322,200.0000,200.0000
002323,200.0000,200.0000
002324,200.0000,200.0000
002325,200.0000,200.0000
002326,200.0000,200.0000
002327,200.0000,200.0000
002328,200.0000,200.0000
002329,200.0000,200.0000
002330,200.0000,200.0000
002331,200.0000,200.0000
002332,200.0000,200.0000
002333,200.0000,200.0000
002334,200.0000,200.0000
002335,200.0000,200.0000
002336,200.0000,200.0000
002337,200.0000,200.0000
002338,200.0000,200.0000
002339,200.0000,200.0000
002340,200.0000,200.0000
002341,200.0000,200.0000
002342,200.0000,200.0000
002343,200.0000,200.0000
002344,200.0000,200.0000
002345,200.0000,200.0000
002346,200.0000,200.0000
002347,200.0000,200.0000
002348,200.0000,200.0000
002349,200.0000,200.0000
002350,200.0000,200.0000
002351,200.0000,200.0000
002352,200.0000,200.0000
002353,200.0000,200.0000
002354,200.0000,200.0000
002355,200.0000,200.0000
002356,200.0000,200.0000
002357,200.0000,200.0000
002358,200.0000,200.0000
002359,200.0000,200.0000
002360,200.0000,200.0000
002361,200.0000,200.0000
002362,200.0000,200.0000
002363,200.0000,200.0000
002364,200.0000,200.0000
002365,200.0000,200.0000
002366,200.0000,200.0000
002367,200.0000,200.0000
002368,200.0000,200.0000
002369,200.0000,200.0000
002370,200.0000,200.0000
002371,200.0000,200.0000
002372,200.0000,200.0000
002373,200.0000,200.0000
002374,200.0000,200.0000
002375,200.0000,200.0000
002376,200.0000,200.0000
002377,200.0000,200.0000
002378,200.0000,200.0000
002379,200.0000,200.0000
002380,200.0000,200.0000
002381,200.0000,200.0000
002382,200.0000,200.0000
002383,200.0000,200.0000
002384,200.0000,200.0000
002385,200.0000,200.0000
002386,200.0000,200.0000
002387,200.0000,200.0000
002388,200.0000,200.0000
002389,200.0000,200.0000
002390,200.0000,200.0000
002391,200.0000,200.0000
002392,200.0000,200.0000
002393,200.0000,200.0000
002394,200.0000,200.0000
002395,200.0000,200.0000
002396,200.0000,200.0000
002397,200.0000,200.0000
002398,200.0000,200.0000
002399,200.0000,200.0000
002400,200.0000,200.0000
002401,200.0000,200.0000
002402,200.0000,200.0000
002403,200.0000,200.0000
002404,200.0000,200.0000
002405,200.0000,200.0000
002406,200.0000,200.0000
002407,200.0000,200.0000
002408,200.0000,200.0000
002409,200.0000,200.0000
002410,200.0000,200.0000
002411,200.0000,200.0000
002412,200.0000,200.0000
002413,200.0000,200.0000
002414,200.0000,200.0000
002415,200.0000,200.0000
002416,200.0000,200.0000
002417,200.0000,200.0000
002418,200.0000,200.0000
002419,200.0000,200.0000
002420,200.0000,200.0000
002421,200.0000,200.0000
002422,200.0000,200.0000
002423,200.0000,200.0000
002424,200.0000,200.0000
002425,200.0000,200.0000
002426,200.0000,200.0000
002427,200.0000,200.0000
002428,200.0000,200.0000
002429,200.0000,200.0000
002430,200.0000,200.0000
002431,200.0000,200.0000
002432,200.0000,200.0000
002433,200.0000,200.0000
002434,200.0000,200.0000
002435,200.0000,200.0000
002436,200.0000,200.0000
002437,200.0000,200.0000
002438,200.0000,200.0000
002439,200.0000,200.0000
002440,200.0000,200.0000
002441,200.0000,200.0000
002442,200.0000,200.0000
002443,200.0000,200.0000
002444,200.0000,200.0000
002445,200.0000,200.0000
002446,200.0000,200.0000
002447,200.0000,200.0000
002448,200.0000,200.0000
002449,200.0000,200.0000
002450,200.0000,200.0000
002451,200.0000,200.0000
002452,200.0000,200.0000
002453,200.0000,200.0000
002454,200.0000,200.0000
002455,200.0000,200.0000
002456,200.0000,200.0000
002457,200.0000,200.0000
002458,200.0000,200.0000
002459,200.0000,200.0000
002460,200.0000,200.0000
002461,200.0000,200.0000
002462,200.0000,200.0000
002463,200.0000,200.0000
002464,200.0000,200.0000
002465,200.0000,200.0000
002466,200.0000,200.0000
002467,200.0000,200.0000
002468,200.0000,200.0000
002469,200.0000,200.0000
002470,200.0000,200.0000
002471,200.0000,200.0000
002472,200.0000,200.0000
002473,200.0000,200.0000
002474,200.0000,200.0000
002475,200.0000,200.0000
002476,200.0000,200.0000
002477,200.0000,200.0000
002478,200.0000,200.0000
002479,200.0000,200.0000
002480,200.0000,200.0000
002481,200.0000,200.0000
002482,200.0000,200.0000
002483,200.0000,200.0000
002484,200.0000,200.0000
002485,200.0000,200.0000
002486,200.0000,200.0000
002487,200.0000,200.0000
002488,200.0000,200.0000
002489,200.0000,200.0000
002490,200.0000,200.0000
002491,200.0000,200.0000
002492,200.0000,200.0000
002493,200.0000,200.0000
002494,200.0000,200.0000
002495,200.0000,200.0000
002496,200.0000,200.0000
002497,200.0000,200.0000
002498,200.0000,200.0000
002499,200.0000,200.0000
002500,200.0000,200.0000
002501,200.0000,200.0000
002502,200.0000,200.0000
002503,200.0000,200.0000
002504,200.0000,200.0000
002505,200.0000,200.0000
002506,200.0000,200.0000
002507,200.0000,200.0000
002508,200.0000,200.0000
002509,200.0000,200.0000
002510,200.0000,200.0000
002511,200.0000,200.0000
002512,200.0000,200.0000
002513,200.0000,200.0000
002514,200.0000,200.0000
002515,200.0000,200.0000
002516,200.0000,200.0000
002517,200.0000,200.0000
002518,200.0000,200.0000
002519,200.0000,200.0000
002520,200.0000,200.0000
002521,200.0000,200.0000
002522,200.0000,200.0000
002523,200.0000,200.0000
002524,200.0000,200.0000
002526,200.0000,200.0000
002527,200.0000,200.0000
002528,200.0000,200.0000
002529,200.0000,200.0000
002530,200.0000,200.0000
002531,200.0000,200.0000
002532,200.0000,200.0000
002533,200.0000,200.0000
002534,200.0000,200.0000
002535,200.0000,200.0000
002536,200.0000,200.0000
002537,200.0000,200.0000
002538,200.0000,200.0000
002539,200.0000,200.0000
002540,200.0000,200.0000
002541,200.0000,200.0000
002542,200.0000,200.0000
002543,200.0000,200.0000
002544,200.0000,200.0000
002545,200.0000,200.0000
002546,200.0000,200.0000
002547,200.0000,200.0000
002548,200.0000,200.0000
002549,200.0000,200.0000
002550,200.0000,200.0000
002551,200.0000,200.0000
002552,200.0000,200.0000
002553,200.0000,200.0000
002554,200.0000,200.0000
002555,200.0000,200.0000
002556,200.0000,200.0000
002557,200.0000,200.0000
002558,200.0000,200.0000
002559,200.0000,200.0000
002560,200.0000,200.0000
002561,200.0000,200.0000
002562,200.0000,200.0000
002563,200.0000,200.0000
002564,200.0000,200.0000
002565,200.0000,200.0000
002566,200.0000,200.0000
002567,200.0000,200.0000
002568,200.0000,200.0000
002569,200.0000,200.0000
002570,200.0000,200.0000
002571,200.0000,200.0000
002572,200.0000,200.0000
002573,200.0000,200.0000
002574,200.0000,200.0000
002575,200.0000,200.0000
002576,200.0000,200.0000
002577,200.0000,200.0000
002578,200.0000,200.0000
002579,200.0000,200.0000
002580,200.0000,200.0000
002581,200.0000,200.0000
002582,200.0000,200.0000
002583,200.0000,200.0000
002584,200.0000,200.0000
002585,200.0000,200.0000
002586,200.0000,200.0000
002587,200.0000,200.0000
002588,200.0000,200.0000
002589,200.0000,200.0000
002590,200.0000,200.0000
002591,200.0000,200.0000
002592,200.0000,200.0000
002593,200.0000,200.0000
002594,200.0000,200.0000
002595,200.0000,200.0000
002596,200.0000,200.0000
002597,200.0000,200.0000
002598,200.0000,200.0000
002599,200.0000,200.0000
002600,200.0000,200.0000
002601,200.0000,200.0000
002602,200.0000,200.0000
002603,200.0000,200.0000
002604,200.0000,200.0000
002605,200.0000,200.0000
002606,200.0000,200.0000
002607,200.0000,200.0000
002608,200.0000,200.0000
002609,200.0000,200.0000
002610,200.0000,200.0000
002611,200.0000,200.0000
002612,200.0000,200.0000
002613,200.0000,200.0000
002614,200.0000,200.0000
002615,200.0000,200.0000
002616,200.0000,200.0000
002617,200.0000,200.0000
002618,200.0000,200.0000
002619,200.0000,200.0000
002620,200.0000,200.0000
002621,200.0000,200.0000
002622,200.0000,200.0000
002623,200.0000,200.0000
002624,200.0000,200.0000
002625,200.0000,200.0000
002626,200.0000,200.0000
002627,200.0000,200.0000
002628,200.0000,200.0000
002629,200.0000,200.0000
002630,200.0000,200.0000
002631,200.0000,200.0000
002632,200.0000,200.0000
002633,200.0000,200.0000
002634,200.0000,200.0000
002635,200.0000,200.0000
002636,200.0000,200.0000
002637,200.0000,200.0000
002638,200.0000,200.0000
002639,200.0000,200.0000
002640,200.0000,200.0000
002641,200.0000,200.0000
002642,200.0000,200.0000
002643,200.0000,200.0000
002644,200.0000,200.0000
002645,200.0000,200.0000
002646,200.0000,200.0000
002647,200.0000,200.0000
002648,200.0000,200.0000
002649,200.0000,200.0000
002650,200.0000,200.0000
002651,200.0000,200.0000
002652,200.0000,200.0000
002653,200.0000,200.0000
002654,200.0000,200.0000
002655,200.0000,200.0000
002656,200.0000,200.0000
002657,200.0000,200.0000
002658,200.0000,200.0000
002659,200.0000,200.0000
002660,200.0000,200.0000
002661,200.0000,200.0000
002662,200.0000,200.0000
002663,200.0000,200.0000
002664,200.0000,200.0000
002665,200.0000,200.0000
002666,200.0000,200.0000
002667,200.0000,200.0000
002668,200.0000,200.0000
002669,200.0000,200.0000
002670,200.0000,200.0000
002671,200.0000,200.0000
002672,200.0000,200.0000
002673,200.0000,200.0000
002674,200.0000,200.0000
002675,200.0000,200.0000
002676,200.0000,200.0000
002677,200.0000,200.0000
002678,200.0000,200.0000
002679,200.0000,200.0000
002680,200.0000,200.0000
002681,200.0000,200.0000
002682,200.0000,200.0000
002683,200.0000,200.0000
002684,200.0000,200.0000
002685,200.0000,200.0000
002686,200.0000,200.0000
002687,200.0000,200.0000
002688,200.0000,200.0000
002689,200.0000,200.0000
002690,200.0000,200.0000
002691,200.0000,200.0000
002692,200.0000,200.0000
002693,200.0000,200.0000
002694,200.0000,200.0000
002695,200.0000,200.0000
002696,200.0000,200.0000
002697,200.0000,200.0000
002698,200.0000,200.0000
002699,200.0000,200.0000
002700,200.0000,200.0000
002701,200.0000,200.0000
002702,200.0000,200.0000
002703,200.0000,200.0000
002705,200.0000,200.0000
002706,200.0000,200.0000
002707,200.0000,200.0000
002708,200.0000,200.0000
002709,200.0000,200.0000
002711,200.0000,200.0000
002712,200.0000,200.0000
002713,200.0000,200.0000
002714,200.0000,200.0000
002715,200.0000,200.0000
002716,200.0000,200.0000
002717,200.0000,200.0000
002718,200.0000,200.0000
002719,200.0000,200.0000
002721,200.0000,200.0000
002722,200.0000,200.0000
002723,200.0000,200.0000
002724,200.0000,200.0000
002725,200.0000,200.0000
002726,200.0000,200.0000
002727,200.0000,200.0000
002728,200.0000,200.0000
002729,200.0000,200.0000
002730,200.0000,200.0000
002731,200.0000,200.0000
002732,200.0000,200.0000
002733,200.0000,200.0000
002734,200.0000,200.0000
002735,200.0000,200.0000
002736,200.0000,200.0000
002737,200.0000,200.0000
002738,200.0000,200.0000
002739,200.0000,200.0000
002740,200.0000,200.0000
002741,200.0000,200.0000
002742,200.0000,200.0000
002743,200.0000,200.0000
002745,200.0000,200.0000
002746,200.0000,200.0000
002747,200.0000,200.0000
002748,200.0000,200.0000
002749,200.0000,200.0000
002750,200.0000,200.0000
002751,200.0000,200.0000
002752,200.0000,200.0000
002753,200.0000,200.0000
002755,200.0000,200.0000
002756,200.0000,200.0000
002757,200.0000,200.0000
002758,200.0000,200.0000
002759,200.0000,200.0000
002760,200.0000,200.0000
002761,200.0000,200.0000
002762,200.0000,200.0000
002763,200.0000,200.0000
002765,200.0000,200.0000
002766,200.0000,200.0000
002767,200.0000,200.0000
002768,200.0000,200.0000
002769,200.0000,200.0000
002770,200.0000,200.0000
002771,200.0000,200.0000
002772,200.0000,200.0000
002773,200.0000,200.0000
002775,200.0000,200.0000
002776,200.0000,200.0000
300001,200.0000,200.0000
300002,200.0000,200.0000
300003,200.0000,200.0000
300004,200.0000,200.0000
300005,200.0000,200.0000
300006,200.0000,200.0000
300007,200.0000,200.0000
300008,200.0000,200.0000
300009,200.0000,200.0000
300010,200.0000,200.0000
300011,200.0000,200.0000
300012,200.0000,200.0000
300013,200.0000,200.0000
300014,200.0000,200.0000
300015,200.0000,200.0000
300016,200.0000,200.0000
300017,200.0000,200.0000
300018,200.0000,200.0000
300019,200.0000,200.0000
300020,200.0000,200.0000
300021,200.0000,200.0000
300022,200.0000,200.0000
300023,200.0000,200.0000
300024,200.0000,200.0000
300025,200.0000,200.0000
300026,200.0000,200.0000
300027,200.0000,200.0000
300028,200.0000,200.0000
300029,200.0000,200.0000
300030,200.0000,200.0000
300031,200.0000,200.0000
300032,200.0000,200.0000
300033,200.0000,200.0000
300034,200.0000,200.0000
300035,200.0000,200.0000
300036,200.0000,200.0000
300037,200.0000,200.0000
300038,200.0000,200.0000
300039,200.0000,200.0000
300040,200.0000,200.0000
300041,200.0000,200.0000
300042,200.0000,200.0000
300043,200.0000,200.0000
300044,200.0000,200.0000
300045,200.0000,200.0000
300046,200.0000,200.0000
300047,200.0000,200.0000
300048,200.0000,200.0000
300049,200.0000,200.0000
300050,200.0000,200.0000
300051,200.0000,200.0000
300052,200.0000,200.0000
300053,200.0000,200.0000
300054,200.0000,200.0000
300055,200.0000,200.0000
300056,200.0000,200.0000
300057,200.0000,200.0000
300058,200.0000,200.0000
300059,200.0000,200.0000
300061,200.0000,200.0000
300062,200.0000,200.0000
300063,200.0000,200.0000
300064,200.0000,200.0000
300065,200.0000,200.0000
300066,200.0000,200.0000
300067,200.0000,200.0000
300068,200.0000,200.0000
300069,200.0000,200.0000
300070,200.0000,200.0000
300071,200.0000,200.0000
300072,200.0000,200.0000
300073,200.0000,200.0000
300074,200.0000,200.0000
300075,200.0000,200.0000
300076,200.0000,200.0000
300077,200.0000,200.0000
300078,200.0000,200.0000
300079,200.0000,200.0000
300080,200.0000,200.0000
300081,200.0000,200.0000
300082,200.0000,200.0000
300083,200.0000,200.0000
300084,200.0000,200.0000
300085,200.0000,200.0000
300086,200.0000,200.0000
300087,200.0000,200.0000
300088,200.0000,200.0000
300089,200.0000,200.0000
300090,200.0000,200.0000
300091,200.0000,200.0000
300092,200.0000,200.0000
300093,200.0000,200.0000
300094,200.0000,200.0000
300095,200.0000,200.0000
300096,200.0000,200.0000
300097,200.0000,200.0000
300098,200.0000,200.0000
300099,200.0000,200.0000
300100,200.0000,200.0000
300101,200.0000,200.0000
300102,200.0000,200.0000
300103,200.0000,200.0000
300104,200.0000,200.0000
300105,200.0000,200.0000
300106,200.0000,200.0000
300107,200.0000,200.0000
300108,200.0000,200.0000
300109,200.0000,200.0000
300110,200.0000,200.0000
300111,200.0000,200.0000
300112,200.0000,200.0000
300113,200.0000,200.0000
300114,200.0000,200.0000
300115,200.0000,200.0000
300116,200.0000,200.0000
300117,200.0000,200.0000
300118,200.0000,200.0000
300119,200.0000,200.0000
300120,200.0000,200.0000
300121,200.0000,200.0000
300122,200.0000,200.0000
300123,200.0000,200.0000
300124,200.0000,200.0000
300125,200.0000,200.0000
300126,200.0000,200.0000
300127,200.0000,200.0000
300128,200.0000,200.0000
300129,200.0000,200.0000
300130,200.0000,200.0000
300131,200.0000,200.0000
300132,200.0000,200.0000
300133,200.0000,200.0000
300134,200.0000,200.0000
300135,200.0000,200.0000
300136,200.0000,200.0000
300137,200.0000,200.0000
300138,200.0000,200.0000
300139,200.0000,200.0000
300140,200.0000,200.0000
300141,200.0000,200.0000
300142,200.0000,200.0000
300143,200.0000,200.0000
300144,200.0000,200.0000
300145,200.0000,200.0000
300146,200.0000,200.0000
300147,200.0000,200.0000
300148,200.0000,200.0000
300149,200.0000,200.0000
300150,200.0000,200.0000
300151,200.0000,200.0000
300152,200.0000,200.0000
300153,200.0000,200.0000
300154,200.0000,200.0000
300155,200.0000,200.0000
300156,200.0000,200.0000
300157,200.0000,200.0000
300158,200.0000,200.0000
300159,200.0000,200.0000
300160,200.0000,200.0000
300161,200.0000,200.0000
300162,200.0000,200.0000
300163,200.0000,200.0000
300164,200.0000,200.0000
300165,200.0000,200.0000
300166,200.0000,200.0000
300167,200.0000,200.0000
300168,200.0000,200.0000
300169,200.0000,200.0000
300170,200.0000,200.0000
300171,200.0000,200.0000
300172,200.0000,200.0000
300173,200.0000,200.0000
300174,200.0000,200.0000
300175,200.0000,200.0000
300176,200.0000,200.0000
300177,200.0000,200.0000
300178,200.0000,200.0000
300179,200.0000,200.0000
300180,200.0000,200.0000
300181,200.0000,200.0000
300182,200.0000,200.0000
300183,200.0000,200.0000
300184,200.0000,200.0000
300185,200.0000,200.0000
300186,200.0000,200.0000
300187,200.0000,200.0000
300188,200.0000,200.0000
300189,200.0000,200.0000
300190,200.0000,200.0000
300191,200.0000,200.0000
300192,200.0000,200.0000
300193,200.0000,200.0000
300194,200.0000,200.0000
300195,200.0000,200.0000
300196,200.0000,200.0000
300197,200.0000,200.0000
300198,200.0000,200.0000
300199,200.0000,200.0000
300200,200.0000,200.0000
300201,200.0000,200.0000
300202,200.0000,200.0000
300203,200.0000,200.0000
300204,200.0000,200.0000
300205,200.0000,200.0000
300206,200.0000,200.0000
300207,200.0000,200.0000
300208,200.0000,200.0000
300209,200.0000,200.0000
300210,200.0000,200.0000
300211,200.0000,200.0000
300212,200.0000,200.0000
300213,200.0000,200.0000
300214,200.0000,200.0000
300215,200.0000,200.0000
300216,200.0000,200.0000
300217,200.0000,200.0000
300218,200.0000,200.0000
300219,200.0000,200.0000
300220,200.0000,200.0000
300221,200.0000,200.0000
300222,200.0000,200.0000
300223,200.0000,200.0000
300224,200.0000,200.0000
300225,200.0000,200.0000
300226,200.0000,200.0000
300227,200.0000,200.0000
300228,200.0000,200.0000
300229,200.0000,200.0000
300230,200.0000,200.0000
300231,200.0000,200.0000
300232,200.0000,200.0000
300233,200.0000,200.0000
300234,200.0000,200.0000
300235,200.0000,200.0000
300236,200.0000,200.0000
300237,200.0000,200.0000
300238,200.0000,200.0000
300239,200.0000,200.0000
300240,200.0000,200.0000
300241,200.0000,200.0000
300242,200.0000,200.0000
300243,200.0000,200.0000
300244,200.0000,200.0000
300245,200.0000,200.0000
300246,200.0000,200.0000
300247,200.0000,200.0000
300248,200.0000,200.0000
300249,200.0000,200.0000
300250,200.0000,200.0000
300251,200.0000,200.0000
300252,200.0000,200.0000
300253,200.0000,200.0000
300254,200.0000,200.0000
300255,200.0000,200.0000
300256,200.0000,200.0000
300257,200.0000,200.0000
300258,200.0000,200.0000
300259,200.0000,200.0000
300260,200.0000,200.0000
300261,200.0000,200.0000
300262,200.0000,200.0000
300263,200.0000,200.0000
300264,200.0000,200.0000
300265,200.0000,200.0000
300266,200.0000,200.0000
300267,200.0000,200.0000
300268,200.0000,200.0000
300269,200.0000,200.0000
300270,200.0000,200.0000
300271,200.0000,200.0000
300272,200.0000,200.0000
300273,200.0000,200.0000
300274,200.0000,200.0000
300275,200.0000,200.0000
300276,200.0000,200.0000
300277,200.0000,200.0000
300278,200.0000,200.0000
300279,200.0000,200.0000
300280,200.0000,200.0000
300281,200.0000,200.0000
300282,200.0000,200.0000
300283,200.0000,200.0000
300284,200.0000,200.0000
300285,200.0000,200.0000
300286,200.0000,200.0000
300287,200.0000,200.0000
300288,200.0000,200.0000
300289,200.0000,200.0000
300290,200.0000,200.0000
300291,200.0000,200.0000
300292,200.0000,200.0000
300293,200.0000,200.0000
300294,200.0000,200.0000
300295,200.0000,200.0000
300296,200.0000,200.0000
300297,200.0000,200.0000
300298,200.0000,200.0000
300299,200.0000,200.0000
300300,200.0000,200.0000
300301,200.0000,200.0000
300302,200.0000,200.0000
300303,200.0000,200.0000
300304,200.0000,200.0000
300305,200.0000,200.0000
300306,200.0000,200.0000
300307,200.0000,200.0000
300308,200.0000,200.0000
300309,200.0000,200.0000
300310,200.0000,200.0000
300311,200.0000,200.0000
300312,200.0000,200.0000
300313,200.0000,200.0000
300314,200.0000,200.0000
300315,200.0000,200.0000
300316,200.0000,200.0000
300317,200.0000,200.0000
300318,200.0000,200.0000
300319,200.0000,200.0000
300320,200.0000,200.0000
300321,200.0000,200.0000
300322,200.0000,200.0000
300323,200.0000,200.0000
300324,200.0000,200.0000
300325,200.0000,200.0000
300326,200.0000,200.0000
300327,200.0000,200.0000
300328,200.0000,200.0000
300329,200.0000,200.0000
300330,200.0000,200.0000
300331,200.0000,200.0000
300332,200.0000,200.0000
300333,200.0000,200.0000
300334,200.0000,200.0000
300335,200.0000,200.0000
300336,200.0000,200.0000
300337,200.0000,200.0000
300338,200.0000,200.0000
300339,200.0000,200.0000
300340,200.0000,200.0000
300341,200.0000,200.0000
300342,200.0000,200.0000
300343,200.0000,200.0000
300344,200.0000,200.0000
300345,200.0000,200.0000
300346,200.0000,200.0000
300347,200.0000,200.0000
300348,200.0000,200.0000
300349,200.0000,200.0000
300350,200.0000,200.0000
300351,200.0000,200.0000
300352,200.0000,200.0000
300353,200.0000,200.0000
300354,200.0000,200.0000
300355,200.0000,200.0000
300356,200.0000,200.0000
300357,200.0000,200.0000
300358,200.0000,200.0000
300359,200.0000,200.0000
300360,200.0000,200.0000
300362,200.0000,200.0000
300363,200.0000,200.0000
300364,200.0000,200.0000
300365,200.0000,200.0000
300366,200.0000,200.0000
300367,200.0000,200.0000
300368,200.0000,200.0000
300369,200.0000,200.0000
300370,200.0000,200.0000
300371,200.0000,200.0000
300372,200.0000,200.0000
300373,200.0000,200.0000
300374,200.0000,200.0000
300375,200.0000,200.0000
300376,200.0000,200.0000
300377,200.0000,200.0000
300378,200.0000,200.0000
300379,200.0000,200.0000
300380,200.0000,200.0000
300381,200.0000,200.0000
300382,200.0000,200.0000
300383,200.0000,200.0000
300384,200.0000,200.0000
300385,200.0000,200.0000
300386,200.0000,200.0000
300387,200.0000,200.0000
300388,200.0000,200.0000
300389,200.0000,200.0000
300390,200.0000,200.0000
300391,200.0000,200.0000
300392,200.0000,200.0000
300393,200.0000,200.0000
300394,200.0000,200.0000
300395,200.0000,200.0000
300396,200.0000,200.0000
300397,200.0000,200.0000
300398,200.0000,200.0000
300399,200.0000,200.0000
300400,200.0000,200.0000
300401,200.0000,200.0000
300402,200.0000,200.0000
300403,200.0000,200.0000
300404,200.0000,200.0000
300405,200.0000,200.0000
300406,200.0000,200.0000
300407,200.0000,200.0000
300408,200.0000,200.0000
300409,200.0000,200.0000
300410,200.0000,200.0000
300411,200.0000,200.0000
300412,200.0000,200.0000
300413,200.0000,200.0000
300414,200.0000,200.0000
300415,200.0000,200.0000
300416,200.0000,200.0000
300417,200.0000,200.0000
300418,200.0000,200.0000
300419,200.0000,200.0000
300420,200.0000,200.0000
300421,200.0000,200.0000
300422,200.0000,200.0000
300423,200.0000,200.0000
300424,200.0000,200.0000
300425,200.0000,200.0000
300426,200.0000,200.0000
300427,200.0000,200.0000
300428,200.0000,200.0000
300429,200.0000,200.0000
300430,200.0000,200.0000
300431,200.0000,200.0000
300432,200.0000,200.0000
300433,200.0000,200.0000
300434,200.0000,200.0000
300435,200.0000,200.0000
300436,200.0000,200.0000
300437,200.0000,200.0000
300438,200.0000,200.0000
300439,200.0000,200.0000
300440,200.0000,200.0000
300441,200.0000,200.0000
300442,200.0000,200.0000
300443,200.0000,200.0000
300444,200.0000,200.0000
300445,200.0000,200.0000
300446,200.0000,200.0000
300447,200.0000,200.0000
300448,200.0000,200.0000
300449,200.0000,200.0000
300450,200.0000,200.0000
300451,200.0000,200.0000
300452,200.0000,200.0000
300453,200.0000,200.0000
300455,200.0000,200.0000
300456,200.0000,200.0000
300457,200.0000,200.0000
300458,200.0000,200.0000
300459,200.0000,200.0000
300460,200.0000,200.0000
300461,200.0000,200.0000
300462,200.0000,200.0000
300463,200.0000,200.0000
300464,200.0000,200.0000
300465,200.0000,200.0000
300466,200.0000,200.0000
300467,200.0000,200.0000
300468,200.0000,200.0000
300469,200.0000,200.0000
300470,200.0000,200.0000
300471,200.0000,200.0000
300472,200.0000,200.0000
300473,200.0000,200.0000
300475,200.0000,200.0000
300476,200.0000,200.0000
300477,200.0000,200.0000
300478,200.0000,200.0000
300479,200.0000,200.0000
300480,200.0000,200.0000
300481,200.0000,200.0000
300482,200.0000,200.0000
300483,200.0000,200.0000
300485,200.0000,200.0000
300486,200.0000,200.0000
300487,200.0000,200.0000
300488,200.0000,200.0000
300489,200.0000,200.0000
600000,-15.3785,10.4932
600004,-7.8977,4.2105
600005,-3.5525,68.8725
600006,-24.5308,12.4319
600007,-5.2143,-6.5951
600008,-13.4419,17.8862
600009,12.4620,23.0456
600010,-18.3452,18.0556
600011,11.2676,20.3704
600012,-6.3176,9.4595
600015,-18.8921,11.0495
600016,-10.9385,15.9509
600017,200.0000,200.0000
600018,-12.3603,18.3333
600019,-9.3474,34.6667
600020,1.0767,-6.4103
600021,-21.2361,23.4141
600022,-3.6107,200.0000
600023,200.0000,200.0000
600026,-3.3901,41.2151
600027,200.0000,200.0000
600028,-3.2248,43.8953
600029,-13.0000,27.2494
600030,-9.3772,8.0221
600031,-5.0396,3.2123
600033,-16.9432,5.2163
600035,-16.5846,200.0000
600036,-5.9505,15.2452
600037,1.6453,-5.1198
600038,-31.8057,-15.8137
600039,-16.9946,-11.2792
600048,200.0000,200.0000
600050,-12.5884,26.7742
600051,-2.7254,-7.1685
600052,1.1962,-9.0508
600053,200.0000,-39.6694
600054,11.0224,-19.9746
600055,10.7776,-13.9860
600056,-6.6266,-7.4809
600057,-21.0605,-0.6728
600058,-13.0360,6.0185
600059,-0.9419,-3.4743
600060,28.8493,-12.6062
600061,-7.6720,-9.4891
600062,-60.0000,0.9780
600063,0.9667,-16.6129
600064,-1.6287,-7.9699
600066,3.9399,21.2633
600067,26.8942,-5.1923
600068,-10.3986,3.4608
600069,-8.7527,-7.8351
600070,-17.4916,0.0000
600071,29.7854,-7.6923
600072,-2.6071,-5.2817
600073,2.7383,21.3642
600074,-4.2748,2.6772
600075,13.4598,3.2733
600076,-15.6168,-20.7044
600077,-0.3774,-15.8983
600078,11.5865,1.3696
600079,4.3568,-17.3077
600080,-9.2251,-12.4194
600081,-16.4916,-16.8816
600082,26.5957,-3.6082
600083,4.2614,-30.3502
600084,-2.0984,-2.2857
600085,8.5850,-14.4279
600086,-61.6683,-10.7679
600088,-8.9414,-5.4137
600089,-6.3569,22.8409
600090,16.1094,-80.6336
600091,-5.6296,-2.1771
600093,-1.9851,-10.6522
600094,-2.3669,-13.1488
600095,-2.8261,-21.6638
600096,14.9123,25.2463
600097,0.7610,-11.5637
600098,-13.2203,24.1417
600099,-18.7198,12.3955
600100,-4.1152,-12.2561
600101,-10.3275,2.4038
600103,-4.7478,-2.9240
600104,-20.8986,17.7930
600105,-2.1407,-2.9674
600106,-0.7980,-8.4337
600107,-6.2500,-4.6036
600108,5.7254,2.8986
600109,-6.9189,-18.9308
600110,33.1711,-14.0351
600111,-17.7749,-2.1739
600112,3.5613,2.7900
600113,7.0033,-18.3755
600114,-26.5475,200.0000
600115,-1.6746,1.7157
600116,-22.0117,1.4993
600117,-20.0698,20.0000
600118,-17.0526,-25.3376
600119,-14.6127,-43.8454
600120,-8.6777,-56.9912
600121,-22.9651,15.7522
600122,6.1224,-13.9344
600123,8.4510,34.6575
600125,3.4498,14.9341
600126,-18.7751,20.7547
600127,-12.4736,7.5388
600128,-4.3593,-8.6726
600129,-50.9804,21.2055
600130,-5.5637,1.0766
600131,-16.6963,19.0065
600132,-4.4810,10.3506
600133,14.6840,-21.5227
600135,-5.5011,-12.5097
600136,-43.7397,0.5240
600137,24.5747,-15.1376
600138,20.0873,-16.4835
600139,-10.9890,5.8488
600141,23.9859,-15.4993
600143,-11.9311,200.0000
600145,12.5000,-8.6560
600146,-24.9129,-6.3518
600148,2.2013,-11.1111
600149,19.5519,-21.5781
600150,33.2724,-5.8520
600151,-10.2446,-9.7561
600152,-9.1641,-7.5134
600153,5.3225,-5.6471
600155,0.6291,-6.3830
600156,6.5574,-13.8425
600157,-15.6379,3.6496
600158,10.5000,-11.2996
600159,3.7453,-49.6109
600160,-2.1011,4.1237
600161,15.5769,3.6474
600162,7.0278,-7.8621
600163,-12.5000,-14.0598
600165,-30.1766,16.7308
600166,-34.8214,20.8404
600167,1.9569,-23.4074
600168,-1.6102,-12.4233
600169,24.5478,-20.4545
600170,-12.3611,4.0580
600171,0.4200,-15.5256
600172,-3.9370,-11.5108
600173,7.8947,-12.9159
600175,-1.7857,-21.5584
600176,-19.1255,5.5009
600177,16.7801,-0.8696
600178,-19.7411,-12.3367
600179,-21.6772,19.4932
600180,-19.3015,9.8969
600182,200.0000,-15.8678
600183,-0.0930,-3.5928
600184,21.4062,-15.4062
600185,-15.2338,-4.4444
600186,-38.4211,-11.8421
600187,-28.4600,-34.6154
600188,25.0679,40.0257
600189,-17.7646,-2.0806
600190,-12.6563,13.8940
600191,-10.4796,-2.9096
600192,-9.3750,8.6106
600193,3.4991,-17.1073
600195,35.0741,-17.0055
600196,-4.1902,-0.1013
600197,-7.7039,6.3119
600198,13.9835,-21.1503
600199,0.2347,-10.2345
600200,-6.7256,-16.2944
600201,1.8157,32.7694
600202,29.1743,-14.0823
600203,-10.0000,-27.2162
600206,-6.3447,-0.1927
600207,20.3252,-0.5754
600208,-23.8806,-17.7924
600209,-3.4063,-6.0185
600210,-19.5378,-17.0455
600211,1.3534,-18.9550
600212,-14.5383,0.1992
600213,-12.2241,-6.2295
600215,-8.4320,-11.6798
600216,-12.1861,-10.4405
600217,2.6160,-0.7422
600218,-31.1728,-4.9307
600219,-17.7898,19.4301
600220,8.2569,-6.5029
600221,-18.9243,9.7192
600222,-9.7120,0.7509
600223,-5.5649,2.4096
600225,-12.4260,-19.5793
600226,11.4404,-14.9360
600227,-11.4534,8.1311
600228,10.6383,-46.2353
600229,-6.7548,-11.1888
600230,-2.9722,2.5907
600231,-17.7123,27.8125
600232,41.2127,-7.7658
600233,5.6485,-10.8456
600234,10.6838,-27.1493
600235,-11.5323,-9.9352
600236,-6.2001,22.7974
600237,-12.3309,4.8232
600238,-20.8459,6.0432
600239,-5.4622,-16.9946
600240,7.7263,-25.0412
600241,-0.7653,-18.1044
600242,-6.7391,-22.1284
600243,-3.1079,-17.3716
600246,-0.5684,-29.9920
600247,21.2654,-22.2376
600248,-9.8935,-14.6789
600249,-28.2657,200.0000
600250,-3.4251,2.0792
600251,20.9868,-21.6730
600252,4.0853,3.6900
600255,11.8701,-15.1458
600256,-5.1319,-14.5536
600257,3.2720,-0.8008
600258,-9.4656,-1.2472
600259,4.0909,-12.7490
600260,29.4043,-12.1485
600261,-7.9114,-3.9634
600262,-23.7155,1.5686
600265,-6.8966,-13.9505
600266,-6.1772,-9.8501
600267,32.4660,14.9144
600268,8.5196,-2.7885
600269,31.0257,5.1653
600270,-16.1333,20.8866
600271,-33.3979,-1.4158
600272,-15.2142,-10.7001
600273,-9.1440,-10.5263
600275,-11.3580,-23.3533
600276,32.0599,6.2025
600277,0.2740,-12.7295
600278,-15.2936,1.2212
600279,-26.9729,-2.6995
600280,13.5275,-10.9254
600281,-15.9794,12.7907
600282,-10.3680,28.3498
600283,-17.9083,-0.8696
600284,-25.3406,200.0000
600285,-12.6712,-9.1858
600287,-6.4675,3.1214
600288,26.0408,-17.2678
600289,-5.6194,8.6508
600290,-17.1344,-9.5926
600291,-18.7952,23.7160
600292,11.3886,-5.0906
600293,2.7311,-5.8943
600295,-8.0387,-1.1364
600297,4.8101,-14.7380
600298,10.1967,-12.8280
600299,-0.7950,-2.3644
600300,-5.2585,-12.6316
600301,1.3770,0.2647
600302,-6.4730,-2.8858
600303,-25.9500,12.7482
600305,5.0767,-7.4643
600306,-10.9333,-24.9234
600307,-26.9745,24.1692
600308,-12.5530,12.5121
600309,17.6837,5.1698
600310,-25.8133,8.4730
600311,-5.2304,3.2895
600312,-2.6826,-9.1270
600313,200.0000,-28.3063
600315,-12.1076,-0.4435
600316,-6.1315,-13.6201
600317,-12.3916,0.5417
600318,11.4964,-2.7174
600319,-9.9455,-4.0334
600320,19.0712,22.1441
600321,-19.1282,6.8075
600322,-6.6288,-14.0496
600323,-10.3139,13.0435
600325,-40.7035,200.0000
600326,-2.5370,-15.9574
600327,-13.7052,5.6433
600328,25.6220,-10.8511
600329,-5.6675,-20.8704
600330,-5.9184,11.8231
600331,-6.1847,11.2028
600332,-8.0835,-10.0680
600333,-4.2174,8.6486
600335,-19.9382,-17.2370
600336,-7.5439,-9.8901
600337,10.1811,-20.5807
600338,0.0000,-27.9022
600339,-11.2044,-29.2665
600340,-3.2522,0.4484
600343,-5.5714,-27.7955
600345,34.1307,-26.9827
600346,0.6309,-21.9245
600348,-13.9886,40.5952
600350,-16.5023,12.8668
600351,9.2204,-8.0847
600352,6.9806,-1.5228
600353,20.7835,-10.1338
600354,-44.6135,200.0000
600355,-8.0303,-0.1543
600356,-8.2230,-5.9754
600358,-44.0823,-9.4324
600359,-18.4767,6.9803
600360,32.2007,-10.8527
600361,13.1758,-7.2052
600362,-9.4530,55.6000
600363,31.5088,-12.2754
600365,-4.3561,-15.0883
600366,-7.8322,-2.9891
600367,-3.4547,-0.1490
600368,-15.2255,-2.9674
600369,2.9661,-25.6735
600370,-3.2758,-6.0837
600371,-9.8940,-20.5755
600372,-32.2430,21.4188
600373,-2.9412,-15.1652
600375,-36.6977,-1.6201
600376,-7.0716,-35.4240
600377,-38.5192,23.9773
600378,6.3819,-10.6688
600379,-3.3808,-14.9547
600380,-5.4549,-33.0312
600381,21.4130,3.2044
600382,0.2334,-12.0000
600383,9.8083,-16.8103
600385,-14.5511,-35.1670
600386,13.6922,-7.5983
600387,-43.0781,200.0000
600388,-0.3036,-10.6289
600389,3.0136,-13.3593
600390,5.9603,-6.0725
600391,-9.6330,-10.4693
600392,-1.0345,-11.2859
600393,18.8020,-8.9955
600395,-17.3998,36.4407
600396,9.1573,-17.2749
600397,-25.7913,17.3484
600398,-1.1266,4.0468
600399,-15.0685,11.0390
600400,20.3784,-0.6614
600401,35.7646,0.8123
600403,30.9859,7.5441
600405,-36.0809,200.0000
600406,41.7140,6.6624
600408,-0.6494,27.1817
600409,-1.6677,-7.4130
600410,-15.1621,200.0000
600415,28.8235,2.7339
600416,-11.5828,4.9020
600418,-7.8345,23.6441
600419,-0.5466,-24.4221
600420,-10.8744,200.0000
600421,-15.6226,200.0000
600422,-4.1926,9.1245
600423,-4.3517,3.5573
600425,-20.3009,4.0000
600426,32.2584,-10.3704
600428,29.6824,26.3366
600429,-26.1347,-11.2927
600432,-10.5162,51.2141
600433,-5.0822,-16.7513
600435,-1.6817,-11.4203
600436,-3.2471,-12.3485
600438,-36.9369,200.0000
600439,4.7504,-0.4878
600444,-34.9458,200.0000
600446,-6.6002,-0.0620
600448,-11.3744,-18.8716
600449,-26.4398,26.0870
600452,-26.8921,200.0000
600455,-26.1375,200.0000
600456,-29.2075,5.2930
600458,8.5821,-0.4046
600459,-17.4807,5.1048
600460,75.4897,11.3492
600461,-13.0644,200.0000
600462,-6.1770,-10.0149
600463,-29.7999,200.0000
600466,-4.9861,-16.4009
600467,-37.2642,200.0000
600468,-5.5238,-5.2727
600469,-16.4542,14.7497
600470,-26.0155,200.0000
600475,4.7280,19.2417
600476,-4.5882,-7.0892
600477,-13.7578,25.3821
600478,0.2779,-3.6276
600479,-32.5918,200.0000
600480,6.6993,-10.8187
600481,-6.6715,2.2857
600482,200.0000,200.0000
600483,-16.3793,200.0000
600485,-6.5281,13.7043
600486,-7.2455,-27.7695
600487,6.7953,-8.1866
600488,20.3686,-6.9737
600489,-28.4930,19.9301
600490,8.0317,-15.9407
600491,-13.4567,200.0000
600493,-17.4194,200.0000
600495,-8.7799,200.0000
600496,-14.0237,0.8705
600497,-22.4000,200.0000
600498,17.7778,-26.0790
600499,-22.7845,0.9671
600500,26.7592,22.1429
600501,-23.9719,-6.8311
600502,-13.3787,7.0175
600503,-36.0610,-15.8552
600505,-22.0930,28.9017
600506,-7.9734,-15.1079
600507,-14.3235,7.6477
600508,-10.7098,15.1874
600509,-13.3036,-6.2147
600510,-6.3413,22.1807
600511,-8.6192,-8.8889
600512,-2.8389,-7.2443
600513,6.6964,-15.6164
600515,-3.1042,-11.0672
600516,-1.2658,-9.2619
600517,-1.3679,-11.8617
600518,-13.1385,8.4615
600519,32.7451,19.5857
600520,-2.6761,-9.2784
600521,27.9624,18.0642
600522,-0.5111,-19.4366
600523,-19.0476,-7.7329
600525,-1.7660,-4.9038
600526,-6.5990,12.8447
600527,18.2706,-9.3418
600528,-2.7542,-7.0345
600529,3.7245,-2.4896
600530,1.3238,-15.2686
600531,-15.9849,18.1426
600532,-4.7980,-9.7222
600533,6.6183,-6.7556
600535,9.3248,-14.7541
600536,-23.7384,14.8074
600537,-4.2510,-27.5446
600538,2.8302,-12.1462
600539,-18.0328,-0.6590
600540,-15.4011,200.0000
600543,-34.7948,200.0000
600545,-19.9203,-11.1628
600546,-8.3337,-5.6673
600547,-26.7161,37.3957
600548,-20.8641,4.4715
600549,7.9927,8.8215
600550,7.2695,-1.8676
600551,-7.4570,-51.6006
600552,18.6825,-19.0692
600555,-25.5000,-3.6585
600556,2.8867,6.9863
600557,46.5033,2.2074
600558,-1.0274,-5.1852
600559,5.0162,-13.0312
600560,-11.4907,-7.1595
600561,72.7027,-14.7556
600562,4.0462,-19.9449
600563,11.9426,13.0364
600565,-4.3382,-10.5085
600566,-1.3353,-35.8071
600567,-17.3490,2.4566
600568,15.0513,-19.8206
600569,-19.2047,25.2542
600570,2.8900,-11.4787
600571,-7.2810,-15.2574
600572,-23.3242,200.0000
600573,9.0032,-9.5168
600575,-11.2355,4.5924
600576,-15.5629,-21.3454
600577,7.1031,-22.1714
600578,-9.5125,4.4700
600579,-17.7083,-10.0275
600580,-1.6779,-5.3030
600581,-9.5417,24.1252
600582,4.8079,8.9251
600583,14.0637,13.3334
600584,49.8532,-18.2983
600585,2.4240,40.0735
600586,2.1429,-16.0590
600587,3.4884,-13.4462
600588,-15.6595,-23.3265
600589,-15.1336,-17.5258
600590,29.2931,-20.5624
600592,-1.1742,-2.3066
600593,-21.6667,-7.6670
600594,-19.3851,200.0000
600595,-13.2024,23.2215
600596,41.5482,-8.3024
600597,-1.9143,2.8269
600598,-11.6348,18.2301
600599,-9.2593,-17.1593
600600,-1.3143,3.4871
600601,8.3431,-2.2831
600602,-16.0850,16.0178
600603,-14.1935,-18.7611
600604,-6.5764,-14.9007
600605,-17.5510,0.9184
600606,-3.2759,-15.4412
600608,-5.9426,-6.6406
600609,-33.1683,-17.0868
600610,-10.3704,-16.4751
600611,-9.3985,4.3702
600612,-14.4608,-11.5847
600613,200.0000,-40.5961
600614,-3.6178,-14.5136
600615,200.0000,-35.5180
600616,6.5631,7.0990
600617,0.0000,-33.4314
600618,-10.9337,-9.9553
600619,41.0894,-18.5870
600620,-23.3824,1.4881
600621,12.0029,-13.4522
600622,-14.8936,-3.0651
600623,-6.5301,-14.7219
600624,0.8157,-21.6667
600626,-17.8261,3.5439
600628,-1.5400,-8.0645
600629,-9.0278,-30.4348
600630,-4.1339,-8.2873
600633,-7.5027,-12.7460
600634,-5.9322,-26.2274
600635,-12.8936,-6.6011
600636,8.8765,-1.8634
600637,-16.9173,-3.8961
600638,-11.5502,-10.9905
600639,-2.9690,-14.3852
600640,-0.7001,-11.7647
600641,-12.1008,-16.2890
600642,-23.6248,25.4987
600643,-35.9596,8.2418
600644,-23.8784,-3.3708
600645,-64.5385,-8.7047
600647,-34.2894,13.3041
600648,-3.3298,-8.8867
600649,-17.5676,20.4236
600650,2.8658,-22.9167
600651,-36.6704,-5.3684
600652,-12.3919,8.6751
600653,-13.3333,-0.8427
600654,-2.7833,-7.1560
600655,-7.7966,-14.3491
600656,-4.8005,-6.3507
600657,-14.1026,10.9123
600658,15.0713,-28.5068
600660,-0.1183,34.8696
600661,2.6824,-17.2872
600662,5.5227,0.5540
600663,-13.4615,-11.3126
600664,-40.1876,-16.6553
600665,-3.9309,-11.9205
600666,-11.2342,-13.4487
600667,-5.3191,-8.4577
600668,-13.9216,0.1988
600671,-6.4257,-17.0569
600673,-0.1631,-7.8832
600674,3.5363,-5.2838
600675,3.0801,-10.4089
600676,11.3321,-3.9950
600677,13.2911,-21.2978
600678,-6.1856,-19.8664
600679,-60.3085,1.4166
600680,1.1352,-16.3778
600681,-53.8462,-2.4499
600682,5.5556,0.8485
600683,-10.1594,-22.0472
600684,6.2880,-15.8076
600685,-13.7011,-6.4830
600686,-0.5969,-10.6863
600687,16.7164,-4.2151
600688,1.6920,57.1046
600689,-6.3670,-16.9231
600690,-1.3857,3.0084
600691,-36.1630,-16.8605
600692,-5.4669,-28.5128
600693,-4.7525,-16.4452
600694,10.0279,-17.4118
600695,-19.4154,-22.0758
600696,-14.2232,-23.7474
600697,-6.6225,0.8278
600698,200.0000,200.0000
600699,-9.1078,-13.4522
600701,-4.1667,-15.5518
600702,-11.2116,-3.1579
600703,9.0909,-6.4935
600704,0.9749,-4.4750
600705,-14.2132,-6.9692
600706,16.1518,-13.9660
600707,-7.0455,10.3750
600708,-6.8531,-19.9052
600710,-28.1285,15.0510
600711,6.2608,-17.1684
600712,-21.6718,-18.1631
600713,-2.8381,-13.9115
600714,-50.8197,1.4085
600715,-27.8986,24.8858
600716,40.3302,-8.0610
600717,-1.2839,0.5578
600718,11.2856,-13.4794
600719,-1.0448,-8.8889
600720,-14.0335,4.0449
600721,-9.8851,-17.6136
600722,2.7881,2.4809
600723,-12.1495,-13.9959
600724,-4.5567,14.2462
600725,-28.2742,-20.9852
600726,-6.0172,16.9687
600727,-4.3675,-4.0580
600728,-2.7262,-11.8110
600729,-8.8515,4.6269
600730,2.2251,-13.8540
600731,-12.8692,-11.6858
600732,-20.5970,-21.4724
600733,8.3485,-21.3675
600734,1.1086,-27.0492
600735,-51.7560,-14.7152
600736,-0.4230,-8.3981
600737,-79.4521,4.6528
600738,-5.6716,-18.3168
600739,-45.8261,-13.8591
600740,-29.0016,54.8212
600741,7.3733,-8.8795
600742,-13.5508,-9.0789
600743,-12.2924,-26.5356
600744,-7.1758,17.4349
600745,-35.1852,-20.6801
600746,-12.3314,-8.7814
600747,4.1314,1.3844
600748,-14.4444,-8.5329
600749,29.4118,-37.5921
600750,-27.4682,-3.8382
600751,-29.1566,-4.3880
600753,-22.8916,-25.6923
600754,3.8938,-24.0642
600755,14.2613,3.4056
600756,-3.7457,0.0000
600757,-13.9676,-40.1487
600758,3.7143,-23.6170
600759,-12.2924,-29.2056
600760,-13.3820,-19.0763
600761,-14.7186,3.1294
600763,-13.4615,-15.8576
600764,11.3990,8.7121
600765,-0.8052,-19.6203
600766,-37.9070,20.1964
600767,-7.2235,-17.8637
600768,3.6424,2.6596
600769,10.4925,-0.6494
600770,2.2727,14.3908
600771,19.1702,-4.3941
600773,-44.5783,-22.8745
600774,2.7184,-29.1667
600775,-10.1840,-19.0763
600776,-3.4483,-18.0153
600777,-15.1389,7.6807
600778,-13.6170,-29.7297
600779,38.1166,-12.3016
600780,-3.9138,39.2628
600781,17.8654,0.6667
600782,-24.9225,-11.6711
600783,-28.8089,-3.8208
600784,4.9881,-24.2857
600785,-6.0574,0.0000
600787,49.2487,0.5034
600789,-17.7549,-5.9516
600790,-2.5943,-5.3452
600791,-18.4426,-21.4440
600792,-1.6987,-8.1633
600793,3.3392,-8.3736
600794,-4.3689,-55.1272
600795,-9.3973,25.7754
600796,37.2314,-22.8685
600797,-12.5511,-6.6442
600798,-19.4394,10.1786
600800,-8.5209,7.8571
600801,-2.5410,17.5987
600802,-12.9555,12.4138
600803,1.7857,-9.6774
600804,-2.6643,-16.8478
600805,-26.8412,11.8519
600806,-18.9935,-7.4924
600807,-5.7971,-34.7896
600808,0.0428,30.1939
600809,-13.3333,3.7618
600810,-1.1037,0.1577
600811,-25.9740,-0.7163
600812,2.5107,-7.3801
600814,-5.1765,-16.6667
600815,-16.8096,-16.4244
600816,-6.6806,-19.2440
600817,8.8889,-12.9870
600818,-3.8298,-22.8285
600819,-24.2888,-1.2857
600820,-14.7394,2.9772
600821,-9.1121,-10.6157
600822,20.0000,-21.4433
600823,3.9402,2.7894
600824,-10.2708,-3.9017
600825,0.0000,-6.1321
600826,-0.4640,-18.4261
600827,-21.2465,-4.3836
600828,0.1931,-20.0627
600829,-7.1119,-2.1295
600830,-7.9655,6.1778
600831,-54.6246,-4.6125
600833,-6.0823,-14.2857
600834,-0.8091,-10.7914
600835,2.7719,-5.0201
600836,-6.9057,-54.2105
600837,21.3133,-3.3540
600838,-7.2464,-9.5057
600839,13.1772,-2.3121
600841,2.4520,-12.2316
600843,6.1538,-15.2174
600844,-37.1817,-25.7692
600845,1.9143,-12.0385
600846,-3.9400,-16.0828
600847,-6.9252,-34.2391
600848,-7.1588,-32.0313
600850,4.4362,-20.2663
600851,-5.0821,4.2345
600853,-9.7859,-13.4653
600854,0.1616,-3.3019
600855,-0.8124,-24.8945
600856,-10.3004,-10.7900
600857,0.3752,-17.7215
600858,26.7782,-14.6758
600859,1.4344,-9.3458
600860,-14.5340,-14.1667
600861,-4.4402,-12.2449
600862,200.0000,-9.1429
600863,-22.4702,21.0714
600864,-16.9014,-6.2246
600865,0.0000,-9.6296
600866,5.6348,-9.9259
600867,-2.3490,-10.9792
600868,-8.5340,7.9365
600869,-13.9456,-37.6068
600870,1.7274,-15.7895
600871,-19.1606,24.2925
600872,-0.7481,-9.9323
600873,200.0000,-23.5585
600874,-2.8984,6.7350
600875,0.6403,9.9034
600876,23.7410,-20.5374
600877,-11.1857,-8.8983
600879,-21.5128,19.1686
600880,12.0831,0.2261
600881,-26.4605,9.6525
600882,-3.7559,-13.5802
600883,-4.0698,-16.6667
600884,20.0216,-1.2605
600885,2.2556,-13.5484
600886,-0.8171,45.4629
600887,-15.5129,5.1556
600888,-20.2417,-11.7040
600889,-19.0583,17.2691
600890,-80.6873,0.4375
600891,200.0000,-36.2205
600892,-7.0036,1.8882
600893,17.6238,-17.7966
600894,2.7713,1.4041
600895,3.8105,3.9539
600896,-3.4874,4.7203
600897,2.4150,-6.7227
600898,-13.4142,-27.4140
600900,-4.7203,40.4531
600917,200.0000,200.0000
600958,200.0000,200.0000
600959,200.0000,200.0000
600960,-32.5625,200.0000
600961,200.0000,200.0000
600962,-17.6796,200.0000
600963,-16.3975,200.0000
600965,200.0000,200.0000
600966,-28.9191,200.0000
600967,-19.2783,200.0000
600969,-25.5352,200.0000
600970,200.0000,200.0000
600971,200.0000,200.0000
600973,200.0000,200.0000
600975,-32.9910,200.0000
600976,-19.3685,200.0000
600978,200.0000,200.0000
600979,200.0000,200.0000
600980,13.7223,200.0000
600981,200.0000,200.0000
600982,200.0000,200.0000
600983,200.0000,200.0000
600984,200.0000,200.0000
600985,9.3180,200.0000
600986,4.6823,200.0000
600987,200.0000,200.0000
600988,-30.7787,200.0000
600990,-6.8106,200.0000
600992,-23.5474,200.0000
600993,-16.4650,200.0000
600995,-16.0000,200.0000
600997,-12.9358,200.0000
600998,200.0000,200.0000
600999,200.0000,200.0000
601000,200.0000,200.0000
601001,200.0000,200.0000
601002,200.0000,200.0000
601003,200.0000,200.0000
601005,200.0000,200.0000
601006,200.0000,200.0000
601007,200.0000,200.0000
601008,200.0000,200.0000
601009,200.0000,200.0000
601010,200.0000,200.0000
601011,200.0000,200.0000
601012,200.0000,200.0000
601015,200.0000,200.0000
601016,200.0000,200.0000
601018,200.0000,200.0000
601021,200.0000,200.0000
601028,200.0000,200.0000
601038,200.0000,200.0000
601058,200.0000,200.0000
601069,200.0000,200.0000
601088,200.0000,200.0000
601098,200.0000,200.0000
601099,200.0000,200.0000
601100,200.0000,200.0000
601101,200.0000,200.0000
601106,200.0000,200.0000
601107,200.0000,200.0000
601111,200.0000,200.0000
601113,200.0000,200.0000
601116,200.0000,200.0000
601117,200.0000,200.0000
601118,200.0000,200.0000
601126,200.0000,200.0000
601137,200.0000,200.0000
601139,200.0000,200.0000
601158,200.0000,200.0000
601166,200.0000,200.0000
601168,200.0000,200.0000
601169,200.0000,200.0000
601177,200.0000,200.0000
601179,200.0000,200.0000
601186,200.0000,200.0000
601188,200.0000,200.0000
601198,200.0000,200.0000
601199,200.0000,200.0000
601208,200.0000,200.0000
601211,200.0000,200.0000
601216,200.0000,200.0000
601218,200.0000,200.0000
601222,200.0000,200.0000
601225,200.0000,200.0000
601226,200.0000,200.0000
601231,200.0000,200.0000
601233,200.0000,200.0000
601238,200.0000,200.0000
601258,200.0000,200.0000
601288,200.0000,200.0000
601311,200.0000,200.0000
601313,200.0000,200.0000
601318,200.0000,200.0000
601328,200.0000,200.0000
601333,200.0000,200.0000
601336,200.0000,200.0000
601339,200.0000,200.0000
601368,200.0000,200.0000
601369,200.0000,200.0000
601377,200.0000,200.0000
601388,200.0000,200.0000
601390,200.0000,200.0000
601398,200.0000,200.0000
601515,200.0000,200.0000
601518,200.0000,200.0000
601519,200.0000,200.0000
601555,200.0000,200.0000
601558,200.0000,200.0000
601566,200.0000,200.0000
601567,200.0000,200.0000
601579,200.0000,200.0000
601588,200.0000,200.0000
601599,200.0000,200.0000
601600,200.0000,200.0000
601601,200.0000,200.0000
601607,-11.6110,-6.5421
601608,200.0000,200.0000
601616,200.0000,200.0000
601618,200.0000,200.0000
601628,200.0000,200.0000
601633,200.0000,200.0000
601636,200.0000,200.0000
601666,200.0000,200.0000
601668,200.0000,200.0000
601669,200.0000,200.0000
601677,200.0000,200.0000
601678,200.0000,200.0000
601688,200.0000,200.0000
601689,200.0000,200.0000
601699,200.0000,200.0000
601700,200.0000,200.0000
601717,200.0000,200.0000
601718,200.0000,200.0000
601727,200.0000,200.0000
601766,200.0000,200.0000
601777,200.0000,200.0000
601788,200.0000,200.0000
601789,200.0000,200.0000
601798,200.0000,200.0000
601799,200.0000,200.0000
601800,200.0000,200.0000
601801,200.0000,200.0000
601808,200.0000,200.0000
601818,200.0000,200.0000
601857,200.0000,200.0000
601866,200.0000,200.0000
601872,200.0000,200.0000
601877,200.0000,200.0000
601880,200.0000,200.0000
601886,200.0000,200.0000
601888,200.0000,200.0000
601890,200.0000,200.0000
601898,200.0000,200.0000
601899,200.0000,200.0000
601901,200.0000,200.0000
601908,200.0000,200.0000
601918,200.0000,200.0000
601919,200.0000,200.0000
601928,200.0000,200.0000
601929,200.0000,200.0000
601933,200.0000,200.0000
601939,200.0000,200.0000
601958,200.0000,200.0000
601965,200.0000,200.0000
601968,200.0000,200.0000
601969,200.0000,200.0000
601985,200.0000,200.0000
601988,200.0000,200.0000
601989,200.0000,200.0000
601991,200.0000,200.0000
601992,200.0000,200.0000
601996,200.0000,200.0000
601998,200.0000,200.0000
601999,200.0000,200.0000
603000,200.0000,200.0000
603001,200.0000,200.0000
603002,200.0000,200.0000
603003,200.0000,200.0000
603005,200.0000,200.0000
603006,200.0000,200.0000
603008,200.0000,200.0000
603009,200.0000,200.0000
603010,200.0000,200.0000
603011,200.0000,200.0000
603012,200.0000,200.0000
603015,200.0000,200.0000
603017,200.0000,200.0000
603018,200.0000,200.0000
603019,200.0000,200.0000
603020,200.0000,200.0000
603021,200.0000,200.0000
603022,200.0000,200.0000
603023,200.0000,200.0000
603025,200.0000,200.0000
603026,200.0000,200.0000
603030,200.0000,200.0000
603066,200.0000,200.0000
603077,200.0000,200.0000
603085,200.0000,200.0000
603088,200.0000,200.0000
603099,200.0000,200.0000
603100,200.0000,200.0000
603108,200.0000,200.0000
603111,200.0000,200.0000
603116,200.0000,200.0000
603117,200.0000,200.0000
603118,200.0000,200.0000
603123,200.0000,200.0000
603126,200.0000,200.0000
603128,200.0000,200.0000
603158,200.0000,200.0000
603166,200.0000,200.0000
603167,200.0000,200.0000
603168,200.0000,200.0000
603169,200.0000,200.0000
603188,200.0000,200.0000
603198,200.0000,200.0000
603199,200.0000,200.0000
603222,200.0000,200.0000
603223,200.0000,200.0000
603227,200.0000,200.0000
603268,200.0000,200.0000
603288,200.0000,200.0000
603300,200.0000,200.0000
603306,200.0000,200.0000
603308,200.0000,200.0000
603309,200.0000,200.0000
603311,200.0000,200.0000
603315,200.0000,200.0000
603318,200.0000,200.0000
603328,200.0000,200.0000
603333,200.0000,200.0000
603338,200.0000,200.0000
603355,200.0000,200.0000
603366,200.0000,200.0000
603368,200.0000,200.0000
603369,200.0000,200.0000
603399,200.0000,200.0000
603456,200.0000,200.0000
603518,200.0000,200.0000
603519,200.0000,200.0000
603555,200.0000,200.0000
603558,200.0000,200.0000
603566,200.0000,200.0000
603567,200.0000,200.0000
603568,200.0000,200.0000
603588,200.0000,200.0000
603589,200.0000,200.0000
603598,200.0000,200.0000
603599,200.0000,200.0000
603600,200.0000,200.0000
603601,200.0000,200.0000
603606,200.0000,200.0000
603609,200.0000,200.0000
603611,200.0000,200.0000
603616,200.0000,200.0000
603618,200.0000,200.0000
603636,200.0000,200.0000
603669,200.0000,200.0000
603678,200.0000,200.0000
603686,200.0000,200.0000
603688,200.0000,200.0000
603698,200.0000,200.0000
603699,200.0000,200.0000
603703,200.0000,200.0000
603718,200.0000,200.0000
603729,200.0000,200.0000
603766,200.0000,200.0000
603788,200.0000,200.0000
603789,200.0000,200.0000
603799,200.0000,200.0000
603806,200.0000,200.0000
603808,200.0000,200.0000
603818,200.0000,200.0000
603828,200.0000,200.0000
603838,200.0000,200.0000
603869,200.0000,200.0000
603883,200.0000,200.0000
603885,200.0000,200.0000
603889,200.0000,200.0000
603898,200.0000,200.0000
603899,200.0000,200.0000
603901,200.0000,200.0000
603918,200.0000,200.0000
603939,200.0000,200.0000
603968,200.0000,200.0000
603969,200.0000,200.0000
603979,200.0000,200.0000
603988,200.0000,200.0000
603989,200.0000,200.0000
603993,200.0000,200.0000
603997,200.0000,200.0000
603998,200.0000,200.0000